TIC_ID,label,mission
231663901,1,TESS
149603524,1,TESS
336732616,1,TESS
231670397,1,TESS
144065872,1,TESS
38846515,1,TESS
92352620,1,TESS
289793076,1,TESS
29344935,1,TESS
281459670,1,TESS
355703913,1,TESS
388104525,1,TESS
97409519,1,TESS
25155310,1,TESS
281541555,1,TESS
238176110,1,TESS
322307342,1,TESS
266980320,1,TESS
394137592,1,TESS
231702397,1,TESS
290131778,1,TESS
52368076,1,TESS
70440470,1,TESS
234523599,1,TESS
391949880,1,TESS
201248411,1,TESS
263003176,1,TESS
89020549,1,TESS
234994474,1,TESS
267263253,1,TESS
410153553,1,TESS
62483237,1,TESS
403224672,1,TESS
25375553,1,TESS
261136679,1,TESS
355636844,0,TESS
220435095,0,TESS
393940766,1,TESS
271893367,1,TESS
382302241,0,TESS
389525208,0,TESS
220518305,0,TESS
140691463,1,TESS
403136413,0,TESS
179317684,1,TESS
350743714,0,TESS
183120439,1,TESS
309257814,0,TESS
29857954,1,TESS
425997655,1,TESS
307210830,1,TESS
272086159,0,TESS
262530407,1,TESS
251848941,1,TESS
207141131,1,TESS
76923707,1,TESS
183979262,0,TESS
300871545,0,TESS
100100827,1,TESS
279741379,1,TESS
278866211,0,TESS
166739520,1,TESS
183532609,1,TESS
183537452,1,TESS
183985250,1,TESS
211438925,1,TESS
230982885,1,TESS
441462736,1,TESS
12421862,1,TESS
309792357,1,TESS
410214986,1,TESS
350618622,1,TESS
55650590,1,TESS
260271203,0,TESS
55652896,1,TESS
260043723,0,TESS
260609205,0,TESS
150098860,1,TESS
316937670,0,TESS
144440290,0,TESS
47484268,0,TESS
77044471,1,TESS
120610833,1,TESS
204376737,1,TESS
402026209,1,TESS
9727392,0,TESS
305048087,1,TESS
9006668,1,TESS
9725627,1,TESS
77031414,1,TESS
120585579,0,TESS
118327550,1,TESS
158623531,1,TESS
160148385,1,TESS
184240683,1,TESS
224225541,1,TESS
204317710,1,TESS
92226327,1,TESS
200723869,1,TESS
350445771,0,TESS
12862099,1,TESS
37749396,1,TESS
63898957,1,TESS
70513361,1,TESS
120916706,1,TESS
122612091,1,TESS
159951311,1,TESS
164767175,1,TESS
166836920,1,TESS
220479565,1,TESS
259377017,1,TESS
268766053,1,TESS
279740441,0,TESS
281979481,0,TESS
382188882,0,TESS
439456714,1,TESS
29781292,1,TESS
382626661,1,TESS
277103955,0,TESS
150030205,1,TESS
201233610,0,TESS
49710555,0,TESS
188570092,1,TESS
327952677,1,TESS
145750719,1,TESS
262530873,0,TESS
114749636,1,TESS
66356824,0,TESS
188593930,0,TESS
169765334,1,TESS
262531275,0,TESS
139285832,1,TESS
224245334,1,TESS
55452495,0,TESS
116156517,1,TESS
415969574,0,TESS
382474101,0,TESS
228381868,1,TESS
220016044,0,TESS
13023738,0,TESS
9033144,0,TESS
77031413,0,TESS
9032368,0,TESS
220396259,0,TESS
207084429,0,TESS
229091748,0,TESS
167418898,0,TESS
155995204,0,TESS
300810086,0,TESS
92359850,0,TESS
422655579,1,TESS
271900960,0,TESS
250386181,0,TESS
382391899,1,TESS
29960109,0,TESS
178155732,1,TESS
219379012,0,TESS
1129033,1,TESS
219388773,0,TESS
35857242,1,TESS
259701242,0,TESS
120896927,1,TESS
257567854,1,TESS
166833457,1,TESS
176984236,0,TESS
153065527,1,TESS
176778112,0,TESS
167754523,0,TESS
206466531,0,TESS
100990000,1,TESS
7624182,0,TESS
170634116,1,TESS
325680697,0,TESS
152476657,1,TESS
49899799,0,TESS
339733013,0,TESS
178284730,1,TESS
279251651,0,TESS
408159788,0,TESS
94986319,1,TESS
43647325,1,TESS
117979694,0,TESS
169532369,0,TESS
459942762,0,TESS
31374837,1,TESS
38686737,0,TESS
188989177,0,TESS
78055054,1,TESS
44745077,0,TESS
32499655,1,TESS
13021029,1,TESS
143350972,0,TESS
316916655,0,TESS
70899085,1,TESS
117979897,1,TESS
179034327,1,TESS
1528696,1,TESS
139528693,1,TESS
257605131,1,TESS
139733308,1,TESS
452808876,1,TESS
98796344,1,TESS
77228304,0,TESS
9804616,0,TESS
4646810,1,TESS
176831592,0,TESS
398733009,0,TESS
270380593,1,TESS
4616072,1,TESS
20178111,0,TESS
33521996,1,TESS
33692729,1,TESS
37770169,1,TESS
47911178,1,TESS
52640302,1,TESS
59843967,1,TESS
170102285,1,TESS
172464366,0,TESS
306362738,1,TESS
317548889,1,TESS
339672028,1,TESS
365639282,0,TESS
393414358,1,TESS
427348923,0,TESS
427352241,0,TESS
260708537,1,TESS
452866790,1,TESS
455096220,1,TESS
455135327,1,TESS
468987719,1,TESS
17746821,1,TESS
22529346,1,TESS
108645766,0,TESS
134200185,1,TESS
134537478,1,TESS
186812530,1,TESS
219164808,0,TESS
268644785,1,TESS
274138511,0,TESS
425206121,1,TESS
453211454,1,TESS
440777904,1,TESS
119292328,1,TESS
431999925,0,TESS
366576758,1,TESS
366622912,1,TESS
308307606,0,TESS
218795833,1,TESS
27649847,1,TESS
200593988,0,TESS
403693875,0,TESS
438490744,0,TESS
387690507,1,TESS
302895996,0,TESS
144700903,1,TESS
281909674,1,TESS
280210963,1,TESS
234825296,1,TESS
234112540,1,TESS
237751146,0,TESS
200322593,1,TESS
53593457,0,TESS
50618703,1,TESS
37168957,1,TESS
36440357,1,TESS
36352297,1,TESS
42821097,1,TESS
32830028,0,TESS
311183180,0,TESS
192826603,1,TESS
44737596,1,TESS
407966340,1,TESS
170849515,1,TESS
59003115,0,TESS
207110080,1,TESS
209459275,1,TESS
101011575,1,TESS
377064495,1,TESS
413248763,1,TESS
1003831,1,TESS
1133072,0,TESS
13349647,1,TESS
37575651,0,TESS
123482865,1,TESS
126733133,0,TESS
270468559,1,TESS
315002523,1,TESS
386435344,0,TESS
408310006,1,TESS
423275733,1,TESS
180987952,0,TESS
287474726,0,TESS
74482749,0,TESS
131979339,0,TESS
294090620,0,TESS
412961700,0,TESS
270841724,0,TESS
196286587,0,TESS
128463355,0,TESS
287329267,0,TESS
144956678,0,TESS
81429971,0,TESS
145982812,0,TESS
134396419,0,TESS
262746281,1,TESS
145027461,0,TESS
153651591,0,TESS
80275202,0,TESS
154459165,0,TESS
118021229,0,TESS
190496853,1,TESS
141227133,0,TESS
267527924,0,TESS
296739893,1,TESS
83092282,1,TESS
101395259,0,TESS
399870368,1,TESS
379929661,1,TESS
65412605,1,TESS
365781372,0,TESS
281408474,1,TESS
293853437,1,TESS
97158538,0,TESS
349790953,0,TESS
348755723,0,TESS
146463781,0,TESS
82362447,0,TESS
147977348,1,TESS
432008938,0,TESS
63303499,0,TESS
157568289,0,TESS
238197709,0,TESS
349373192,0,TESS
22221375,1,TESS
33153766,0,TESS
35009898,1,TESS
35516889,1,TESS
36734222,1,TESS
48103627,1,TESS
48476907,0,TESS
53189332,1,TESS
53735810,1,TESS
54085154,0,TESS
54962195,1,TESS
55092869,1,TESS
73723286,0,TESS
101955023,1,TESS
124573851,1,TESS
147660201,0,TESS
151825527,1,TESS
151959065,0,TESS
158588995,1,TESS
169226822,1,TESS
280206394,1,TESS
308050066,0,TESS
429304876,1,TESS
437248515,1,TESS
281731203,1,TESS
339636032,0,TESS
445822015,0,TESS
101497191,0,TESS
156991337,0,TESS
55383975,0,TESS
77156829,1,TESS
150428135,1,TESS
219239945,0,TESS
260004324,1,TESS
391821647,0,TESS
309402106,0,TESS
150151262,1,TESS
271971130,1,TESS
119081096,0,TESS
275248683,0,TESS
184952758,0,TESS
131419878,0,TESS
410245915,0,TESS
174143743,0,TESS
11561667,1,TESS
34068865,1,TESS
36724087,1,TESS
106402532,1,TESS
146846569,0,TESS
150271680,0,TESS
181804752,1,TESS
219189765,1,TESS
359271092,1,TESS
373424049,0,TESS
437242640,1,TESS
15445551,1,TESS
104024556,1,TESS
14614418,1,TESS
14661418,1,TESS
61538902,1,TESS
73228647,1,TESS
73649615,1,TESS
130924120,1,TESS
131081852,0,TESS
178709444,1,TESS
178819686,1,TESS
219698950,1,TESS
229047362,1,TESS
248075138,1,TESS
248111245,1,TESS
277634430,1,TESS
286865921,1,TESS
294301883,1,TESS
304042899,0,TESS
306996324,1,TESS
335630746,1,TESS
398943781,1,TESS
413376180,1,TESS
429358906,1,TESS
460984940,1,TESS
294780517,0,TESS
300013921,0,TESS
143526444,0,TESS
41227743,0,TESS
55525572,1,TESS
255760319,0,TESS
102840239,1,TESS
175180796,0,TESS
30312676,0,TESS
46096489,1,TESS
73717937,1,TESS
111991770,1,TESS
127530399,1,TESS
193641523,1,TESS
220029715,1,TESS
243200602,1,TESS
271168962,1,TESS
350332997,0,TESS
362249359,1,TESS
404340025,1,TESS
440887364,1,TESS
460205581,1,TESS
461271719,0,TESS
466840711,1,TESS
287563610,1,TESS
437333618,1,TESS
380886535,0,TESS
32283946,0,TESS
229141709,0,TESS
42015200,0,TESS
33595516,1,TESS
404467699,1,TESS
198008005,1,TESS
372913430,0,TESS
271596418,0,TESS
219344917,1,TESS
37084932,0,TESS
34077285,1,TESS
237808867,0,TESS
92013169,0,TESS
167031605,0,TESS
120269103,0,TESS
438295981,0,TESS
284288080,0,TESS
33690636,0,TESS
66561343,1,TESS
42755801,0,TESS
250484865,0,TESS
229384040,0,TESS
124543547,0,TESS
261257684,1,TESS
261867566,1,TESS
305424003,1,TESS
350153977,1,TESS
364107753,0,TESS
369327947,1,TESS
406941612,1,TESS
407126408,1,TESS
153027658,0,TESS
259389219,0,TESS
348844154,0,TESS
294869729,0,TESS
271722899,0,TESS
278199349,0,TESS
301051430,0,TESS
300599466,0,TESS
261258875,0,TESS
300557619,0,TESS
260476837,0,TESS
146520535,1,TESS
434234955,0,TESS
219205407,0,TESS
189013222,0,TESS
449050247,0,TESS
449050248,0,TESS
44792534,1,TESS
146467675,0,TESS
249067445,0,TESS
279999655,0,TESS
5109298,0,TESS
265077027,0,TESS
141776043,0,TESS
179155220,0,TESS
179159972,0,TESS
178367144,1,TESS
445586472,0,TESS
453209605,0,TESS
280437559,1,TESS
177722855,0,TESS
125894957,0,TESS
409459226,0,TESS
333821572,0,TESS
133654092,0,TESS
347098457,0,TESS
268371979,0,TESS
5772442,0,TESS
93594834,0,TESS
127476180,0,TESS
177126182,0,TESS
148659924,0,TESS
33091633,0,TESS
320536216,0,TESS
52548453,0,TESS
113553629,0,TESS
108835813,0,TESS
93963408,0,TESS
317951248,0,TESS
142918609,0,TESS
341729521,0,TESS
54390047,0,TESS
341186896,0,TESS
50365310,0,TESS
124709665,0,TESS
106997505,0,TESS
238597883,0,TESS
169904935,0,TESS
156115721,0,TESS
440801822,0,TESS
139853601,0,TESS
97700520,0,TESS
96246348,0,TESS
155044736,0,TESS
175310067,0,TESS
182943944,0,TESS
291555748,0,TESS
140706664,0,TESS
143994283,0,TESS
238374636,0,TESS
141482386,0,TESS
297967252,0,TESS
388624270,0,TESS
447283466,0,TESS
464296022,0,TESS
304021498,0,TESS
149601557,0,TESS
400595342,0,TESS
363260203,0,TESS
90544017,0,TESS
310483807,0,TESS
385624852,0,TESS
360286627,0,TESS
90448944,0,TESS
54044474,0,TESS
309787037,0,TESS
370745311,0,TESS
384549882,0,TESS
16288184,1,TESS
66818296,1,TESS
317060587,1,TESS
112395568,0,TESS
366989877,1,TESS
320004517,1,TESS
253990973,0,TESS
299799658,1,TESS
79748331,1,TESS
7088246,1,TESS
201604954,1,TESS
201642601,1,TESS
6663331,1,TESS
31858843,1,TESS
31858844,0,TESS
120247528,1,TESS
140830390,0,TESS
158297421,1,TESS
351601843,1,TESS
360742636,1,TESS
370133522,1,TESS
161032923,1,TESS
380589029,1,TESS
426077080,0,TESS
129319156,0,TESS
387079085,0,TESS
382331352,0,TESS
375225453,0,TESS
360630575,1,TESS
383390264,1,TESS
290348383,1,TESS
318608749,0,TESS
271581073,0,TESS
451599528,0,TESS
394561119,1,TESS
295599256,0,TESS
50309953,0,TESS
446549905,0,TESS
412014494,0,TESS
369864738,0,TESS
143257766,0,TESS
269450900,0,TESS
425721385,0,TESS
254113311,1,TESS
267489265,0,TESS
69997672,0,TESS
122220263,0,TESS
154872375,1,TESS
142276270,1,TESS
110428269,0,TESS
320525204,0,TESS
159510109,0,TESS
284450803,0,TESS
160268701,0,TESS
28230919,1,TESS
350995812,0,TESS
21755546,0,TESS
288391628,0,TESS
349827430,1,TESS
16740101,1,TESS
69679391,1,TESS
161450762,0,TESS
117256577,0,TESS
147576037,0,TESS
379931600,0,TESS
48188920,0,TESS
89510024,0,TESS
158324245,1,TESS
458478250,1,TESS
138361973,0,TESS
232967666,0,TESS
41330864,0,TESS
294176967,0,TESS
101929303,0,TESS
1717732429,0,TESS
232967440,1,TESS
154089169,1,TESS
30329585,0,TESS
359496368,0,TESS
158002130,1,TESS
229510866,1,TESS
341544930,0,TESS
258777137,0,TESS
233087860,1,TESS
289539327,0,TESS
15247229,0,TESS
237185205,0,TESS
89643259,0,TESS
147950620,1,TESS
24364065,0,TESS
203189770,1,TESS
99869022,1,TESS
288185138,0,TESS
29960110,1,TESS
327017634,0,TESS
23434737,1,TESS
308034948,0,TESS
33878688,0,TESS
399144800,0,TESS
349095149,1,TESS
382437043,0,TESS
299798795,1,TESS
360156606,1,TESS
300038935,1,TESS
287156968,1,TESS
447061717,1,TESS
364395234,1,TESS
260647166,1,TESS
90504905,0,TESS
103633434,1,TESS
120757718,1,TESS
120960812,1,TESS
153951307,1,TESS
154716798,1,TESS
158170594,1,TESS
219698776,1,TESS
219850915,1,TESS
230127302,1,TESS
232540264,1,TESS
232612416,1,TESS
232976128,1,TESS
233684822,0,TESS
237222864,1,TESS
274762761,0,TESS
278348461,1,TESS
288735205,1,TESS
355867695,1,TESS
424865156,1,TESS
467179528,1,TESS
158561566,1,TESS
142394656,1,TESS
198241702,1,TESS
237200747,0,TESS
286923464,1,TESS
417948359,1,TESS
445859771,1,TESS
163539739,1,TESS
224297258,1,TESS
236445129,1,TESS
266593143,1,TESS
267561446,0,TESS
274662200,0,TESS
365733349,1,TESS
408203470,0,TESS
417676622,1,TESS
199688472,0,TESS
219015370,1,TESS
219852584,1,TESS
219854185,1,TESS
229536616,0,TESS
237104103,1,TESS
258777134,0,TESS
293687315,1,TESS
356867115,1,TESS
186000935,0,TESS
232679662,0,TESS
233735068,0,TESS
277014266,0,TESS
287190564,0,TESS
294179389,0,TESS
405904232,0,TESS
11111899,0,TESS
136848581,0,TESS
137284119,0,TESS
165523947,0,TESS
167098530,0,TESS
195199644,0,TESS
256886630,0,TESS
266688542,0,TESS
274942910,0,TESS
275111900,0,TESS
330332501,0,TESS
345996087,0,TESS
357457104,0,TESS
387664866,0,TESS
387664868,0,TESS
395171208,1,TESS
42123111,0,TESS
89759617,0,TESS
92783821,0,TESS
160708862,1,TESS
260128333,1,TESS
269701147,1,TESS
233681149,0,TESS
233390838,0,TESS
256621916,0,TESS
358631536,0,TESS
1400770435,0,TESS
219852882,1,TESS
229747848,1,TESS
229770036,0,TESS
279177746,0,TESS
365683032,0,TESS
357972447,0,TESS
275501623,0,TESS
416624606,0,TESS
330468175,0,TESS
230017325,0,TESS
367099243,0,TESS
120602501,0,TESS
136971594,0,TESS
155005217,0,TESS
155114483,0,TESS
164150539,0,TESS
176899385,1,TESS
190743990,0,TESS
249812036,0,TESS
274170255,0,TESS
313506357,0,TESS
329864959,0,TESS
343019899,1,TESS
343442463,0,TESS
346338552,1,TESS
389182138,0,TESS
430528566,0,TESS
431156009,0,TESS
468472950,0,TESS
468845640,0,TESS
66783360,0,TESS
258801269,0,TESS
259126549,0,TESS
259129875,0,TESS
328750515,0,TESS
387834907,0,TESS
231736113,1,TESS
69747919,1,TESS
364186197,1,TESS
199444169,1,TESS
116483514,1,TESS
158025009,1,TESS
164173105,1,TESS
311035838,1,TESS
321857016,1,TESS
329277372,0,TESS
333473672,1,TESS
346418409,0,TESS
418959198,0,TESS
128501004,0,TESS
2041563029,0,TESS
377304435,0,TESS
138968089,0,TESS
293954617,1,TESS
375506058,1,TESS
198356533,1,TESS
229650439,1,TESS
232982558,1,TESS
235683377,1,TESS
237232044,1,TESS
258514800,1,TESS
343628284,1,TESS
377293776,1,TESS
417931607,1,TESS
420112589,1,TESS
198390247,1,TESS
199376584,1,TESS
191284318,1,TESS
17005768,0,TESS
188768068,1,TESS
190998418,1,TESS
236887394,1,TESS
240968774,1,TESS
243185500,1,TESS
283722336,1,TESS
284441182,1,TESS
306263608,1,TESS
306955329,1,TESS
352413427,1,TESS
427654774,0,TESS
432549364,1,TESS
240681314,1,TESS
409794137,1,TESS
421308357,0,TESS
335483600,0,TESS
197650870,0,TESS
67309890,0,TESS
233541860,0,TESS
354594208,0,TESS
15692883,1,TESS
411608801,1,TESS
384045439,0,TESS
331034236,0,TESS
64836837,0,TESS
430677414,0,TESS
415741431,0,TESS
376682699,0,TESS
434718964,0,TESS
470709084,0,TESS
376637093,1,TESS
427761355,1,TESS
269238073,0,TESS
366074069,0,TESS
367102581,0,TESS
387413037,0,TESS
276380902,0,TESS
445137888,0,TESS
252636888,0,TESS
319068154,0,TESS
326919774,0,TESS
299158887,1,TESS
441732151,0,TESS
259151170,0,TESS
284050395,0,TESS
285666479,0,TESS
285677945,0,TESS
292321872,0,TESS
302773669,1,TESS
307111282,0,TESS
327011842,0,TESS
354469661,1,TESS
370759867,0,TESS
374400599,0,TESS
444415148,0,TESS
52041724,0,TESS
186599508,0,TESS
192372961,0,TESS
431899140,0,TESS
129979528,1,TESS
139375960,1,TESS
73448352,1,TESS
101037590,1,TESS
138017750,0,TESS
264678534,1,TESS
268403451,1,TESS
272625214,0,TESS
317397615,0,TESS
317507345,0,TESS
322202434,0,TESS
377144784,0,TESS
388076005,0,TESS
407394748,0,TESS
157586003,1,TESS
424435940,1,TESS
284475976,1,TESS
310003988,1,TESS
317597583,1,TESS
51024887,0,TESS
201186294,1,TESS
230086768,0,TESS
269892793,0,TESS
286355915,0,TESS
348673213,0,TESS
396562848,1,TESS
22843856,0,TESS
184679932,0,TESS
154927364,0,TESS
376353509,1,TESS
116608612,0,TESS
122485078,0,TESS
138168780,1,TESS
154867950,0,TESS
286561122,0,TESS
288631580,1,TESS
311121985,0,TESS
312122956,0,TESS
353367071,0,TESS
417705690,0,TESS
428679607,1,TESS
441739020,1,TESS
470315428,0,TESS
8400842,1,TESS
96291218,0,TESS
259168516,1,TESS
367366318,1,TESS
58542531,1,TESS
28900646,1,TESS
121966220,0,TESS
267574918,1,TESS
268334473,1,TESS
353475866,1,TESS
396740648,1,TESS
422756130,1,TESS
470381900,1,TESS
23650642,0,TESS
371210825,0,TESS
95129101,0,TESS
137500798,0,TESS
240148934,0,TESS
445805961,1,TESS
461662295,0,TESS
67926921,0,TESS
239154970,1,TESS
142090065,0,TESS
14336130,1,TESS
356473034,1,TESS
51234631,1,TESS
71431780,1,TESS
81212286,0,TESS
86396382,1,TESS
130181866,1,TESS
285048486,1,TESS
298666530,0,TESS
318022259,1,TESS
371234684,1,TESS
53427308,0,TESS
408618999,1,TESS
159418353,1,TESS
219857012,1,TESS
219860288,1,TESS
229455001,1,TESS
233602827,1,TESS
287080092,1,TESS
289580577,1,TESS
367858035,1,TESS
408636441,1,TESS
420112587,0,TESS
67666096,1,TESS
8767448,1,TESS
137906197,1,TESS
457138169,0,TESS
252479260,1,TESS
85293053,1,TESS
332064670,1,TESS
4897275,1,TESS
9348006,1,TESS
21535395,1,TESS
29191624,1,TESS
39699648,1,TESS
67646988,1,TESS
99834717,1,TESS
137881699,1,TESS
160045097,1,TESS
86280613,0,TESS
450327768,0,TESS
172518755,1,TESS
304142124,1,TESS
286916251,1,TESS
135083444,0,TESS
138819293,1,TESS
368435330,1,TESS
198153540,1,TESS
8967242,1,TESS
17993892,1,TESS
119584412,1,TESS
166648874,1,TESS
180695581,1,TESS
307734817,0,TESS
347329162,1,TESS
373693175,1,TESS
376524552,1,TESS
377290815,0,TESS
233720539,0,TESS
393831507,1,TESS
82308728,1,TESS
142381532,1,TESS
142387023,1,TESS
229400092,1,TESS
390651552,1,TESS
232982938,1,TESS
20182165,0,TESS
61098812,1,TESS
207468071,1,TESS
162689341,1,TESS
165987272,1,TESS
168699373,1,TESS
404505029,1,TESS
258871793,0,TESS
198108326,1,TESS
198385543,1,TESS
54002556,1,TESS
219824469,0,TESS
73540072,1,TESS
81247740,1,TESS
224313733,0,TESS
229742722,1,TESS
202426247,1,TESS
321668398,1,TESS
356919658,0,TESS
229791084,1,TESS
400476523,0,TESS
233503636,0,TESS
233497719,0,TESS
59859387,0,TESS
348755728,1,TESS
258510872,1,TESS
459997997,0,TESS
420645189,0,TESS
91987762,1,TESS
172370679,1,TESS
178879588,1,TESS
19684256,1,TESS
272212970,1,TESS
77156657,1,TESS
272213425,1,TESS
429302040,1,TESS
308098254,1,TESS
453789494,1,TESS
37718056,1,TESS
232038798,1,TESS
437261733,1,TESS
44745133,1,TESS
50712784,1,TESS
53458803,1,TESS
53750200,1,TESS
98283926,1,TESS
98545929,1,TESS
339522221,1,TESS
308425348,0,TESS
102192004,1,TESS
363851359,1,TESS
112099249,1,TESS
112604564,1,TESS
114299824,1,TESS
371443216,1,TESS
118956453,1,TESS
143143769,1,TESS
14344979,1,TESS
207077681,1,TESS
157266693,1,TESS
160578764,1,TESS
162922904,1,TESS
386259537,1,TESS
172598832,1,TESS
125739286,1,TESS
176685457,1,TESS
178289267,1,TESS
268301217,1,TESS
325172035,0,TESS
167009792,0,TESS
308919449,0,TESS
461080504,0,TESS
357536526,0,TESS
127315102,0,TESS
460140752,0,TESS
31268146,0,TESS
327663613,0,TESS
394509844,0,TESS
242536549,0,TESS
166184426,0,TESS
334911765,0,TESS
302659412,0,TESS
400323948,0,TESS
141663464,0,TESS
190271688,0,TESS
242083025,0,TESS
295354126,0,TESS
293708935,0,TESS
253132689,0,TESS
467281353,0,TESS
383531859,0,TESS
458856474,0,TESS
458857720,0,TESS
127793615,0,TESS
89535068,0,TESS
162246865,0,TESS
161156159,0,TESS
324395151,0,TESS
457939414,0,TESS
82707763,0,TESS
147340931,0,TESS
453464017,0,TESS
445903569,1,TESS
275384718,0,TESS
429295277,0,TESS
371188886,1,TESS
356453768,0,TESS
439610306,0,TESS
70887357,0,TESS
26547036,1,TESS
136916387,1,TESS
138294130,1,TESS
188589164,1,TESS
198588220,1,TESS
368287008,1,TESS
357416482,0,TESS
357501308,1,TESS
159781361,1,TESS
39903405,1,TESS
236312126,1,TESS
11996814,0,TESS
255930614,1,TESS
394050135,1,TESS
468574941,1,TESS
363761216,0,TESS
159873822,1,TESS
1100766816,0,TESS
315755496,0,TESS
378355116,0,TESS
326732851,0,TESS
285542903,0,TESS
373785851,0,TESS
115524421,1,TESS
417931300,1,TESS
27491137,1,TESS
321669174,1,TESS
441738827,1,TESS
441765914,1,TESS
402898317,1,TESS
235678745,1,TESS
142748283,1,TESS
279982557,0,TESS
230386397,0,TESS
393911494,0,TESS
446549906,1,TESS
392476080,1,TESS
356235833,0,TESS
1400212743,0,TESS
422838133,0,TESS
279212407,0,TESS
17416749,0,TESS
236387002,1,TESS
389900760,1,TESS
311408969,1,TESS
159742538,1,TESS
116242971,1,TESS
116264089,1,TESS
21744120,1,TESS
21832928,1,TESS
101721385,1,TESS
320798691,1,TESS
27848472,1,TESS
358516596,1,TESS
75878355,1,TESS
76419763,1,TESS
336128819,1,TESS
336267424,0,TESS
308172249,1,TESS
399860444,1,TESS
287256467,1,TESS
88992642,1,TESS
158916431,0,TESS
233569098,0,TESS
230267547,0,TESS
23389848,0,TESS
395393265,1,TESS
406855039,0,TESS
428787891,1,TESS
461591646,1,TESS
258402425,0,TESS
298495970,0,TESS
342642208,1,TESS
366563452,0,TESS
284564230,0,TESS
49967354,0,TESS
160162987,0,TESS
364075352,0,TESS
293567206,0,TESS
405717754,1,TESS
123495874,1,TESS
123233041,1,TESS
164892194,1,TESS
237913194,1,TESS
298663873,1,TESS
268823307,1,TESS
176956893,1,TESS
401604346,1,TESS
271478281,1,TESS
372172128,1,TESS
389352124,1,TESS
100566492,1,TESS
369455629,1,TESS
358107516,1,TESS
467971286,1,TESS
260298958,0,TESS
381856447,1,TESS
90850770,1,TESS
212253390,1,TESS
425561347,1,TESS
441420236,1,TESS
394722182,1,TESS
349786918,0,TESS
264303333,0,TESS
198485881,1,TESS
219821826,0,TESS
232568235,1,TESS
8348911,1,TESS
459837008,1,TESS
289164482,1,TESS
115446313,0,TESS
329148988,1,TESS
197959526,0,TESS
61980227,0,TESS
274599700,0,TESS
349488688,1,TESS
207501148,0,TESS
300812741,1,TESS
394287035,1,TESS
180991313,1,TESS
88902249,1,TESS
230001847,1,TESS
24358417,1,TESS
100267480,0,TESS
100589632,0,TESS
91555165,1,TESS
124095888,0,TESS
31656385,0,TESS
39414571,1,TESS
344085117,0,TESS
401125028,1,TESS
189620016,0,TESS
332558858,1,TESS
439366538,1,TESS
201177276,1,TESS
176220787,1,TESS
382602147,1,TESS
32487566,1,TESS
260849386,0,TESS
293435336,1,TESS
142087638,0,TESS
212957629,1,TESS
153078576,1,TESS
10837041,1,TESS
206498307,0,TESS
237320326,1,TESS
237922465,1,TESS
65347776,0,TESS
70524163,1,TESS
313891529,0,TESS
142937186,1,TESS
258804746,1,TESS
686072378,0,TESS
168871868,0,TESS
318753380,1,TESS
439867639,1,TESS
1167538,1,TESS
231721005,0,TESS
170729775,1,TESS
4294779,0,TESS
219208037,0,TESS
449197831,1,TESS
192790476,1,TESS
411839167,1,TESS
32949762,1,TESS
293612446,1,TESS
328934463,1,TESS
282498590,0,TESS
97568467,1,TESS
263179590,1,TESS
52689469,1,TESS
124778445,1,TESS
170103435,0,TESS
169249234,1,TESS
149601126,1,TESS
269333648,1,TESS
399967279,1,TESS
270604417,1,TESS
341419787,0,TESS
149845414,1,TESS
444013020,1,TESS
350293646,1,TESS
294500964,0,TESS
144043410,0,TESS
155491828,0,TESS
258920431,1,TESS
239816546,1,TESS
239638934,0,TESS
103751498,1,TESS
102713734,1,TESS
7548817,1,TESS
62530991,0,TESS
68007716,1,TESS
157698565,1,TESS
229285649,0,TESS
12036590,0,TESS
176772671,0,TESS
189625051,1,TESS
268914377,0,TESS
162802770,1,TESS
448589187,1,TESS
152852327,1,TESS
277871306,0,TESS
348684813,0,TESS
348835438,1,TESS
190081497,0,TESS
455036659,1,TESS
176314383,1,TESS
91869778,0,TESS
280212554,0,TESS
279989567,0,TESS
148233571,0,TESS
134315574,0,TESS
130611752,0,TESS
437893926,0,TESS
319735319,0,TESS
302766000,0,TESS
251209368,0,TESS
220076110,1,TESS
124379043,1,TESS
105801221,0,TESS
131581522,0,TESS
151483286,1,TESS
268042363,0,TESS
114103134,0,TESS
98286422,0,TESS
81231810,0,TESS
182470056,0,TESS
178162579,1,TESS
387342052,1,TESS
177612321,0,TESS
285524410,0,TESS
437156845,0,TESS
172630205,0,TESS
412257781,0,TESS
155807906,0,TESS
151930063,0,TESS
123106490,0,TESS
4999813,0,TESS
146836153,0,TESS
290302097,0,TESS
29336129,0,TESS
22020459,0,TESS
340700241,0,TESS
374847873,0,TESS
304025075,0,TESS
469184909,0,TESS
463203560,0,TESS
462162963,0,TESS
441334829,0,TESS
103245940,0,TESS
361343239,1,TESS
287145649,1,TESS
141631253,0,TESS
34505005,0,TESS
468977648,0,TESS
400395395,0,TESS
386297468,0,TESS
356461227,0,TESS
45684223,0,TESS
454248975,1,TESS
357538688,0,TESS
303867090,0,TESS
464067218,0,TESS
463681005,0,TESS
452006073,1,TESS
443042089,0,TESS
428699140,1,TESS
376740324,0,TESS
120723776,0,TESS
104022675,0,TESS
61117473,0,TESS
360816293,0,TESS
466318137,0,TESS
449549170,0,TESS
419858461,0,TESS
392112968,0,TESS
389999924,0,TESS
372596796,0,TESS
361998994,0,TESS
322862882,0,TESS
306547699,0,TESS
309436531,0,TESS
305739565,1,TESS
304950588,0,TESS
303883880,0,TESS
243641947,1,TESS
358070912,1,TESS
31697707,0,TESS
369861731,0,TESS
337274055,0,TESS
327210623,0,TESS
310267134,0,TESS
306648160,1,TESS
194795551,1,TESS
194179013,0,TESS
58046864,0,TESS
131581531,0,TESS
391903064,1,TESS
412259468,0,TESS
146244533,0,TESS
464300749,1,TESS
280655495,1,TESS
130191319,0,TESS
129881395,0,TESS
175079720,0,TESS
419419534,0,TESS
7904580,0,TESS
286099128,1,TESS
238162973,0,TESS
21113347,1,TESS
459850897,0,TESS
117689799,0,TESS
86451883,0,TESS
278968371,0,TESS
40779013,0,TESS
106224626,0,TESS
373576942,0,TESS
89876424,0,TESS
67247610,0,TESS
27916356,1,TESS
27844066,0,TESS
294599100,0,TESS
17865622,1,TESS
291147951,0,TESS
16187321,0,TESS
271167979,0,TESS
269269740,0,TESS
271042173,0,TESS
172754786,0,TESS
193708920,0,TESS
169461816,1,TESS
1965256662,0,TESS
169187982,0,TESS
160390955,1,TESS
1976308113,0,TESS
396133015,1,TESS
358186451,0,TESS
305478010,0,TESS
295413003,0,TESS
440113053,1,TESS
267650535,1,TESS
267867517,0,TESS
267484653,0,TESS
233948455,1,TESS
435861696,0,TESS
398912927,0,TESS
1979500576,0,TESS
455784423,1,TESS
189380158,1,TESS
429414530,0,TESS
80478272,0,TESS
61205803,1,TESS
453230066,0,TESS
71854732,0,TESS
374778982,0,TESS
354151219,0,TESS
346626688,1,TESS
458876004,0,TESS
34551972,0,TESS
285272237,1,TESS
28873762,0,TESS
245509452,1,TESS
240823272,1,TESS
259506033,1,TESS
354442783,0,TESS
155867025,1,TESS
339250695,0,TESS
116257066,0,TESS
321436679,0,TESS
286696848,0,TESS
284747017,0,TESS
467783290,0,TESS
281196902,1,TESS
445751830,1,TESS
27244707,0,TESS
470974162,0,TESS
458419328,1,TESS
29117085,0,TESS
253030300,0,TESS
393251073,0,TESS
373614579,0,TESS
289661991,1,TESS
138497780,0,TESS
239136269,0,TESS
95660472,1,TESS
39077574,0,TESS
308073360,1,TESS
841226527,0,TESS
156816238,0,TESS
149918151,1,TESS
141205978,1,TESS
1001477809,0,TESS
99330090,0,TESS
86263325,1,TESS
18017227,0,TESS
165464482,1,TESS
156648452,1,TESS
139118482,0,TESS
23769326,1,TESS
1101909431,0,TESS
456042145,0,TESS
335489455,0,TESS
305550963,0,TESS
271439193,0,TESS
155947004,0,TESS
312548415,0,TESS
20182780,1,TESS
470911286,0,TESS
444413256,0,TESS
347011522,0,TESS
284528889,0,TESS
283015592,0,TESS
83053699,0,TESS
395773226,0,TESS
379629854,0,TESS
352682207,1,TESS
284305328,0,TESS
367913453,0,TESS
367287018,0,TESS
307956396,0,TESS
279605855,0,TESS
237101326,0,TESS
236775063,0,TESS
235684392,0,TESS
162577466,0,TESS
159334269,0,TESS
399444057,0,TESS
310002617,1,TESS
289316336,0,TESS
237235093,0,TESS
230075120,0,TESS
198616607,0,TESS
141616639,0,TESS
141488193,1,TESS
71396541,0,TESS
420803693,0,TESS
288471040,0,TESS
417646390,1,TESS
257060897,1,TESS
408729765,0,TESS
371711170,0,TESS
279947414,1,TESS
137157546,0,TESS
470171739,1,TESS
467331291,1,TESS
461538935,0,TESS
377165123,0,TESS
289988797,0,TESS
426017070,0,TESS
394357918,1,TESS
424747720,0,TESS
95057860,1,TESS
108939482,0,TESS
113295476,0,TESS
157528286,0,TESS
192520375,0,TESS
82302240,0,TESS
75208638,0,TESS
74197917,0,TESS
48276576,0,TESS
118308828,0,TESS
151920165,1,TESS
363635669,0,TESS
407146536,0,TESS
384386061,0,TESS
255918903,0,TESS
366443426,1,TESS
44898913,1,TESS
144193715,1,TESS
7020254,1,TESS
404518509,1,TESS
256722647,1,TESS
47617038,0,TESS
178959058,0,TESS
443658196,0,TESS
166184428,1,TESS
399642071,0,TESS
7439481,0,TESS
354944123,1,TESS
389371332,0,TESS
300011941,0,TESS
133505138,0,TESS
4070275,1,TESS
313675203,0,TESS
314724818,0,TESS
394918211,1,TESS
97766057,1,TESS
384744828,0,TESS
341805908,0,TESS
107728509,0,TESS
464646604,1,TESS
206541859,1,TESS
366484980,1,TESS
35315453,0,TESS
1405997635,0,TESS
141412823,0,TESS
271354351,1,TESS
271042217,1,TESS
121660904,1,TESS
158551257,0,TESS
63452790,1,TESS
122596693,1,TESS
22233480,1,TESS
164786087,1,TESS
158241252,1,TESS
158388163,1,TESS
137899948,1,TESS
138359318,1,TESS
243333538,0,TESS
48217457,1,TESS
138644215,1,TESS
27774415,1,TESS
299220166,1,TESS
149282072,0,TESS
76420654,1,TESS
8599009,1,TESS
157236902,1,TESS
268604331,1,TESS
48506505,1,TESS
75262942,1,TESS
256364928,1,TESS
27318774,1,TESS
63211674,1,TESS
122441491,1,TESS
264508014,1,TESS
159098316,1,TESS
399794420,1,TESS
64531556,0,TESS
126606859,1,TESS
377873569,1,TESS
239332587,1,TESS
27990610,1,TESS
209752908,1,TESS
137903329,1,TESS
99224131,1,TESS
269269546,1,TESS
267572272,1,TESS
268924036,1,TESS
193336820,1,TESS
120826158,1,TESS
305943739,0,TESS
406190563,0,TESS
239372503,0,TESS
349972412,1,TESS
179582003,1,TESS
243014114,1,TESS
436875934,1,TESS
456862677,1,TESS
85593751,1,TESS
301289516,1,TESS
398572544,1,TESS
404243877,1,TESS
439842788,1,TESS
369480087,0,TESS
427332229,1,TESS
333657795,1,TESS
36592530,1,TESS
39926974,1,TESS
380887434,1,TESS
384888319,1,TESS
35022727,1,TESS
262662119,1,TESS
376939759,1,TESS
418761354,1,TESS
437704321,1,TESS
26017005,1,TESS
380907135,1,TESS
262715204,1,TESS
102264230,1,TESS
435339847,1,TESS
610976842,1,TESS
206284139,1,TESS
204650483,1,TESS
248250955,1,TESS
271169413,1,TESS
349576261,1,TESS
400786146,0,TESS
149126400,0,TESS
137402055,1,TESS
48451130,1,TESS
138364831,1,TESS
27769688,1,TESS
273231214,1,TESS
219854519,1,TESS
120255950,1,TESS
137683938,1,TESS
164458714,1,TESS
356868487,0,TESS
122785299,1,TESS
399954349,1,TESS
158555987,0,TESS
159725995,1,TESS
307809773,1,TESS
232608943,1,TESS
467651916,1,TESS
437856897,1,TESS
27039476,1,TESS
19155785,0,TESS
68577662,1,TESS
1950736,0,TESS
97735908,1,TESS
258796169,1,TESS
284326455,1,TESS
293457754,1,TESS
56399553,1,TESS
84339983,1,TESS
89702406,0,TESS
404421005,1,TESS
307958020,1,TESS
17150865,0,TESS
337129672,0,TESS
405484221,0,TESS
58824746,1,TESS
436873727,1,TESS
257774438,1,TESS
165202476,1,TESS
142532090,1,TESS
247873937,0,TESS
49705089,1,TESS
100389539,1,TESS
60074373,0,TESS
332630868,0,TESS
268439377,0,TESS
374200604,0,TESS
80029842,0,TESS
418971787,0,TESS
132534906,0,TESS
428685938,0,TESS
262499797,0,TESS
335590096,1,TESS
322807371,1,TESS
457743020,0,TESS
358072664,0,TESS
49254857,1,TESS
454069765,1,TESS
237929468,1,TESS
294315741,0,TESS
293607057,1,TESS
277128619,1,TESS
282485660,1,TESS
424196109,1,TESS
68322189,0,TESS
361711730,1,TESS
407146538,0,TESS
243244680,1,TESS
117275513,1,TESS
366631954,1,TESS
319968129,0,TESS
307733361,1,TESS
7059054,1,TESS
6893917,1,TESS
23113034,0,TESS
303432813,1,TESS
69672493,0,TESS
17409453,1,TESS
203214138,1,TESS
437011608,1,TESS
5882269,1,TESS
178217113,1,TESS
18310799,1,TESS
330687113,1,TESS
184892124,1,TESS
63189173,1,TESS
19028197,1,TESS
434226736,1,TESS
26826078,1,TESS
203214081,1,TESS
14770122,1,TESS
366410512,1,TESS
97735297,0,TESS
350348197,1,TESS
239977528,1,TESS
203289099,1,TESS
75427473,0,TESS
366568760,1,TESS
332022997,1,TESS
306902029,0,TESS
27064468,1,TESS
312221462,0,TESS
95010343,0,TESS
172110606,0,TESS
175236511,1,TESS
38087018,1,TESS
350020859,1,TESS
393495970,1,TESS
380619414,1,TESS
281885301,1,TESS
173103335,1,TESS
40954422,0,TESS
257527578,1,TESS
124029677,1,TESS
388811663,1,TESS
60286662,1,TESS
115010361,1,TESS
6892385,1,TESS
363548415,1,TESS
330690135,1,TESS
98669309,1,TESS
49428710,1,TESS
149969625,1,TESS
28643432,0,TESS
408549705,0,TESS
193628179,0,TESS
298049015,0,TESS
419411415,1,TESS
424699834,0,TESS
259172249,1,TESS
195093356,0,TESS
105387356,0,TESS
69356857,1,TESS
219016883,1,TESS
40055053,1,TESS
295807723,0,TESS
185226925,0,TESS
147895461,0,TESS
326347927,0,TESS
274122380,0,TESS
312899686,0,TESS
202468443,0,TESS
172871230,0,TESS
219466803,0,TESS
399956873,0,TESS
250111245,1,TESS
241102583,0,TESS
58825110,1,TESS
422653398,0,TESS
246965431,1,TESS
243153196,0,TESS
16005254,1,TESS
26054627,1,TESS
113919944,0,TESS
366602797,0,TESS
9155187,1,TESS
20096620,1,TESS
241174783,0,TESS
165297570,1,TESS
407591297,1,TESS
202428245,0,TESS
8260536,1,TESS
115564354,0,TESS
436099179,0,TESS
307377219,0,TESS
29374525,0,TESS
239722954,0,TESS
6653897,0,TESS
87044036,0,TESS
83275782,1,TESS
95122849,0,TESS
323658120,0,TESS
350044062,0,TESS
184869170,0,TESS
374180079,1,TESS
443616612,1,TESS
277833995,1,TESS
458686847,1,TESS
366411016,1,TESS
176868951,1,TESS
411697517,1,TESS
456305193,0,TESS
466206508,1,TESS
63013648,0,TESS
388804061,1,TESS
55315929,1,TESS
323687123,1,TESS
14570099,1,TESS
456945304,1,TESS
17307715,1,TESS
459762279,1,TESS
268405086,0,TESS
137543637,0,TESS
154220877,1,TESS
219467837,0,TESS
347430350,1,TESS
420779000,1,TESS
461239485,1,TESS
175772482,1,TESS
368805700,1,TESS
181949561,1,TESS
311133118,1,TESS
209464063,1,TESS
368739874,1,TESS
460396820,1,TESS
193634953,1,TESS
103865797,0,TESS
148673433,1,TESS
219041246,1,TESS
298074836,1,TESS
230055368,1,TESS
71582156,1,TESS
9989136,1,TESS
258557847,0,TESS
318209162,0,TESS
4918918,1,TESS
462715015,0,TESS
302814895,0,TESS
40292751,1,TESS
446616059,0,TESS
42883782,1,TESS
87216634,1,TESS
110936761,0,TESS
398895470,1,TESS
273874849,1,TESS
151724385,1,TESS
391958006,1,TESS
374530847,1,TESS
305243225,1,TESS
328081248,1,TESS
151759246,1,TESS
243921117,1,TESS
399402994,1,TESS
466382581,1,TESS
303055194,0,TESS
388909695,1,TESS
375942197,1,TESS
418604868,1,TESS
283419843,1,TESS
459730973,1,TESS
354619337,1,TESS
466390120,1,TESS
248853232,1,TESS
272366748,1,TESS
224418572,0,TESS
355732304,0,TESS
151728428,0,TESS
41422753,0,TESS
20988926,0,TESS
341297143,0,TESS
380517859,0,TESS
106114491,0,TESS
232941965,1,TESS
15682927,0,TESS
277987172,0,TESS
375199523,0,TESS
294173437,0,TESS
452483795,0,TESS
273774284,0,TESS
329709756,0,TESS
305506996,1,TESS
289125016,0,TESS
296898634,0,TESS
166190643,0,TESS
297153209,0,TESS
199671901,1,TESS
188876052,1,TESS
239541449,0,TESS
436478932,1,TESS
404610583,0,TESS
91051152,1,TESS
431701493,1,TESS
420814525,1,TESS
348054109,0,TESS
137151335,1,TESS
164652245,1,TESS
299087490,1,TESS
120692092,1,TESS
158657354,1,TESS
377780790,1,TESS
159054620,1,TESS
27534138,1,TESS
63283780,1,TESS
352011875,1,TESS
120317234,1,TESS
259233660,1,TESS
139104940,1,TESS
102734241,1,TESS
121731834,1,TESS
48353358,1,TESS
123357864,1,TESS
123309556,1,TESS
286201103,1,TESS
53728859,1,TESS
57984377,1,TESS
288246496,1,TESS
327369524,1,TESS
291751373,1,TESS
334597566,0,TESS
291685334,1,TESS
341444900,0,TESS
56231866,0,TESS
250707118,1,TESS
419523962,1,TESS
245392284,1,TESS
292152376,1,TESS
388076422,1,TESS
352924930,0,TESS
194736418,1,TESS
272050287,0,TESS
453064665,1,TESS
353459965,1,TESS
9443323,1,TESS
392681545,1,TESS
147797743,1,TESS
271424111,1,TESS
271431851,1,TESS
299089652,1,TESS
294283951,0,TESS
18318288,1,TESS
48448369,1,TESS
122375047,1,TESS
350814622,1,TESS
268159158,1,TESS
339591840,0,TESS
262781201,0,TESS
19342878,1,TESS
384984325,1,TESS
364408162,0,TESS
210083929,1,TESS
129107501,0,TESS
423903685,0,TESS
117068362,0,TESS
86005116,0,TESS
404456775,1,TESS
51637609,1,TESS
26583436,0,TESS
199162630,0,TESS
345333936,0,TESS
288144647,1,TESS
437740083,0,TESS
52005579,1,TESS
261135533,1,TESS
168281028,1,TESS
142211778,1,TESS
49043968,1,TESS
397362481,1,TESS
157230659,1,TESS
370877263,0,TESS
354285962,0,TESS
285233023,0,TESS
372207328,1,TESS
256349966,0,TESS
98613492,0,TESS
187532854,0,TESS
328513434,1,TESS
73244652,0,TESS
353586703,0,TESS
97921547,1,TESS
347442932,0,TESS
320411045,1,TESS
46772529,0,TESS
142277868,1,TESS
9385460,1,TESS
915110182,1,TESS
166527623,1,TESS
162729620,0,TESS
15827263,0,TESS
174328045,1,TESS
278726770,0,TESS
333736132,1,TESS
425817867,1,TESS
269217040,1,TESS
35377903,0,TESS
104195270,0,TESS
441546821,1,TESS
303364023,0,TESS
92449173,1,TESS
281541545,1,TESS
121490076,1,TESS
263203229,0,TESS
299876474,0,TESS
365952328,0,TESS
197643976,1,TESS
4610830,1,TESS
49735922,1,TESS
301235044,1,TESS
422618449,1,TESS
278892590,1,TESS
150096001,1,TESS
4426490,0,TESS
365007485,1,TESS
293075732,0,TESS
393818343,1,TESS
67512645,1,TESS
252537013,0,TESS
58474992,0,TESS
435339558,1,TESS
56658270,1,TESS
27635334,1,TESS
17129975,0,TESS
271749758,1,TESS
436575927,1,TESS
26078330,1,TESS
113921235,1,TESS
83181153,1,TESS
261141602,0,TESS
444977814,0,TESS
366119858,1,TESS
201175570,1,TESS
167227214,1,TESS
110178537,1,TESS
325670253,1,TESS
317520667,1,TESS
104866616,1,TESS
244089109,1,TESS
405010127,1,TESS
139158696,1,TESS
137685450,1,TESS
161687209,0,TESS
326470400,0,TESS
239277658,1,TESS
288421619,1,TESS
427685831,1,TESS
268727719,0,TESS
210337597,0,TESS
11755687,1,TESS
273234825,1,TESS
273690178,1,TESS
158933249,1,TESS
272840455,1,TESS
169081296,1,TESS
271052158,1,TESS
274198407,1,TESS
2621212,1,TESS
187309502,1,TESS
437444661,1,TESS
46020827,1,TESS
145368316,1,TESS
187278212,1,TESS
50171060,1,TESS
442530946,1,TESS
126325985,1,TESS
11270200,1,TESS
77202722,1,TESS
71841620,1,TESS
68952448,1,TESS
336732544,1,TESS
301258470,1,TESS
250977648,1,TESS
119262291,1,TESS
102068384,1,TESS
12611594,1,TESS
96847781,1,TESS
130633912,1,TESS
301031110,1,TESS
271898990,1,TESS
169504920,1,TESS
11439959,1,TESS
146364192,1,TESS
380255458,1,TESS
56815340,1,TESS
441422655,1,TESS
278825952,0,TESS
149248969,0,TESS
237316265,0,TESS
231089993,0,TESS
139935539,0,TESS
278709999,0,TESS
167570998,0,TESS
234503282,0,TESS
309146882,0,TESS
300141210,0,TESS
140044270,0,TESS
231705838,0,TESS
197757967,0,TESS
308600649,0,TESS
197757889,0,TESS
294272014,0,TESS
234527232,0,TESS
237911081,0,TESS
167304569,0,TESS
238192097,0,TESS
309628590,0,TESS
197758935,0,TESS
327668243,0,TESS
273572449,0,TESS
308665590,0,TESS
270246450,0,TESS
231699095,0,TESS
284194837,0,TESS
289793070,0,TESS
139285753,0,TESS
149391674,0,TESS
306630834,0,TESS
261500541,0,TESS
140761919,0,TESS
273879358,0,TESS
235015153,0,TESS
279743501,0,TESS
394722677,0,TESS
441047471,0,TESS
29781532,0,TESS
394559789,0,TESS
394233771,0,TESS
382437415,0,TESS
404842248,0,TESS
349572805,1,TESS
30267923,0,TESS
92625824,0,TESS
382198502,0,TESS
114889905,0,TESS
53940082,0,TESS
389520593,0,TESS
349275818,0,TESS
30272849,0,TESS
358456254,0,TESS
391900414,0,TESS
261261478,0,TESS
279740440,0,TESS
306824094,0,TESS
358071481,0,TESS
234526481,0,TESS
141124793,0,TESS
260752356,0,TESS
147199063,0,TESS
389611992,0,TESS
139285736,0,TESS
197597120,0,TESS
159834934,0,TESS
308662421,0,TESS
234511777,0,TESS
301193954,0,TESS
143895569,0,TESS
261135785,0,TESS
382101519,0,TESS
99411125,0,TESS
392792586,0,TESS
267094867,0,TESS
77368857,0,TESS
263015046,0,TESS
273864836,0,TESS
55602946,0,TESS
92591722,0,TESS
350443851,0,TESS
197958602,0,TESS
261138857,0,TESS
238188289,0,TESS
144459903,0,TESS
349411346,0,TESS
231850697,0,TESS
38632688,0,TESS
270174474,0,TESS
139846029,0,TESS
300034498,0,TESS
374860590,0,TESS
29256710,0,TESS
394517162,0,TESS
262826230,0,TESS
441157639,0,TESS
159748368,0,TESS
147285336,0,TESS
253912623,0,TESS
306900161,0,TESS
39046297,0,TESS
197600964,0,TESS
141544911,0,TESS
52245789,0,TESS
364424328,0,TESS
204544746,0,TESS
277717122,0,TESS
304033253,0,TESS
52206324,0,TESS
326442531,0,TESS
289951317,0,TESS
293508028,0,TESS
407580995,0,TESS
441387582,0,TESS
126657928,0,TESS
441020631,0,TESS
349275813,0,TESS
177257211,0,TESS
364398064,0,TESS
30312846,0,TESS
308544274,0,TESS
271976339,0,TESS
271799467,0,TESS
260659986,0,TESS
114917180,0,TESS
141122198,0,TESS
309143752,0,TESS
273550444,0,TESS
150101799,0,TESS
349059354,0,TESS
309781192,0,TESS
394596762,0,TESS
350335398,0,TESS
261091441,0,TESS
271640189,0,TESS
71317881,0,TESS
327599302,0,TESS
327725463,0,TESS
260239131,0,TESS
197985960,0,TESS
381948745,0,TESS
150513899,0,TESS
32177507,0,TESS
253923501,0,TESS
261136305,0,TESS
197695641,0,TESS
139188325,0,TESS
71316387,0,TESS
469973582,0,TESS
38586438,0,TESS
234305187,0,TESS
270565975,0,TESS
201293779,0,TESS
350139008,0,TESS
159696585,0,TESS
141685465,0,TESS
92861556,0,TESS
149498629,0,TESS
281562112,0,TESS
126947604,0,TESS
53725466,0,TESS
309472288,0,TESS
350656825,0,TESS
237909088,0,TESS
29475980,0,TESS
79172475,0,TESS
97409171,0,TESS
406279367,0,TESS
349273304,0,TESS
277913200,0,TESS
211336604,0,TESS
261137705,0,TESS
350141132,0,TESS
149253984,0,TESS
24749535,0,TESS
309551268,0,TESS
79173362,0,TESS
237339473,0,TESS
349158571,0,TESS
375058760,0,TESS
261137706,0,TESS
278779647,0,TESS
389476454,0,TESS
232058110,0,TESS
220572947,0,TESS
382218565,0,TESS
293973489,0,TESS
201248423,0,TESS
129681302,0,TESS
77427456,0,TESS
167125054,0,TESS
348762908,0,TESS
393948907,0,TESS
147163173,0,TESS
381854773,0,TESS
91448151,0,TESS
309551309,0,TESS
89258777,0,TESS
129680965,0,TESS
231269538,0,TESS
38952000,0,TESS
372911986,0,TESS
253923588,0,TESS
372850612,0,TESS
206328160,0,TESS
31743416,0,TESS
8195717,0,TESS
300969635,0,TESS
308544271,0,TESS
53940083,0,TESS
364398410,0,TESS
281498280,0,TESS
70459289,0,TESS
382437407,0,TESS
316879824,0,TESS
219342229,0,TESS
279323859,0,TESS
370239670,0,TESS
206499263,0,TESS
294327330,0,TESS
350157052,0,TESS
149601448,0,TESS
181655622,0,TESS
370239669,0,TESS
394372620,0,TESS
139301655,0,TESS
349835367,0,TESS
309288988,0,TESS
382260140,0,TESS
300012172,0,TESS
140761918,0,TESS
300091984,0,TESS
349677573,0,TESS
409137738,0,TESS
33665798,0,TESS
206534865,0,TESS
232083665,0,TESS
259928347,0,TESS
269852699,0,TESS
167308864,0,TESS
159836610,0,TESS
126563811,0,TESS
115244268,0,TESS
303909869,0,TESS
141425837,0,TESS
177285916,0,TESS
253928305,0,TESS
39069184,0,TESS
214367709,0,TESS
234509221,0,TESS
201311992,0,TESS
280832735,0,TESS
300577403,0,TESS
349273300,0,TESS
382260142,0,TESS
260269456,0,TESS
39049265,0,TESS
197979841,0,TESS
79403462,0,TESS
79424791,0,TESS
358463674,0,TESS
140580920,0,TESS
306900155,0,TESS
267020611,0,TESS
229043076,0,TESS
373915220,0,TESS
183981740,0,TESS
382225666,0,TESS
349644822,0,TESS
441117891,0,TESS
115188534,0,TESS
30267858,0,TESS
147132080,0,TESS
290079005,0,TESS
260608573,0,TESS
234290005,0,TESS
147266158,0,TESS
300707137,0,TESS
355583696,0,TESS
32207231,0,TESS
261136311,0,TESS
391744644,0,TESS
115192134,0,TESS
147266620,0,TESS
167694492,0,TESS
266638181,0,TESS
267091830,0,TESS
348997612,0,TESS
140802498,0,TESS
238833136,0,TESS
140827017,0,TESS
61178236,0,TESS
280723416,0,TESS
394679118,0,TESS
167343398,0,TESS
141622081,0,TESS
38809921,0,TESS
261592957,0,TESS
41586601,0,TESS
394232475,0,TESS
349311164,0,TESS
206508541,0,TESS
425064757,0,TESS
141943694,0,TESS
232058100,0,TESS
24749534,0,TESS
304054807,0,TESS
349094958,0,TESS
394584696,0,TESS
306576384,0,TESS
309406534,0,TESS
309551299,0,TESS
235004516,0,TESS
269833439,0,TESS
181043448,0,TESS
92560718,0,TESS
167366701,0,TESS
318516482,0,TESS
234509307,0,TESS
382268993,0,TESS
142148224,0,TESS
89398045,0,TESS
278861826,0,TESS
294054184,0,TESS
89040715,0,TESS
314889050,0,TESS
358108063,0,TESS
350335402,0,TESS
89018908,0,TESS
235003170,0,TESS
260003467,0,TESS
234346466,0,TESS
278802197,0,TESS
277913197,0,TESS
52285789,0,TESS
201248425,0,TESS
270275812,0,TESS
267358000,0,TESS
425866725,0,TESS
271799457,0,TESS
280052691,0,TESS
307085577,0,TESS
306773020,0,TESS
253928304,0,TESS
394124501,0,TESS
260239481,0,TESS
293484138,0,TESS
197600264,0,TESS
29778064,0,TESS
348997611,0,TESS
231634816,0,TESS
234337768,0,TESS
141811748,0,TESS
388198039,0,TESS
421951253,0,TESS
38811794,0,TESS
38462492,0,TESS
369991000,0,TESS
279639068,0,TESS
149573659,0,TESS
231093356,0,TESS
394679119,0,TESS
277801830,0,TESS
271503303,0,TESS
114948643,0,TESS
394124805,0,TESS
350146334,0,TESS
150101476,0,TESS
316852879,0,TESS
79170875,0,TESS
234285499,0,TESS
141027451,0,TESS
92787648,0,TESS
142014107,0,TESS
349311270,0,TESS
29345396,0,TESS
38462522,0,TESS
308842834,0,TESS
60912975,0,TESS
421871561,0,TESS
238832575,0,TESS
277773589,0,TESS
79492099,0,TESS
391947238,0,TESS
373847950,0,TESS
31672004,0,TESS
391902612,0,TESS
406345757,0,TESS
300559128,0,TESS
389729356,0,TESS
261646556,0,TESS
441426274,0,TESS
31926288,0,TESS
237339474,0,TESS
219342231,0,TESS
314864553,0,TESS
309406539,0,TESS
265467918,0,TESS
150300654,0,TESS
299779868,0,TESS
209308943,0,TESS
279647970,0,TESS
410212588,0,TESS
349411363,0,TESS
206363145,0,TESS
300038246,0,TESS
300814564,0,TESS
364537633,0,TESS
441041386,0,TESS
403153641,0,TESS
234285500,0,TESS
219177722,0,TESS
314887863,0,TESS
235004147,0,TESS
270582609,0,TESS
234521130,0,TESS
139453166,0,TESS
277800038,0,TESS
349373467,0,TESS
31107284,0,TESS
389527961,0,TESS
388198038,0,TESS
201248424,0,TESS
25358644,0,TESS
278900430,0,TESS
293525651,0,TESS
389349072,0,TESS
309146838,0,TESS
150443185,0,TESS
350213888,0,TESS
143923188,0,TESS
115106052,0,TESS
79153662,0,TESS
234305735,0,TESS
219328400,0,TESS
234509218,0,TESS
349157974,0,TESS
279323857,0,TESS
349790954,0,TESS
31961007,0,TESS
364398097,0,TESS
394518035,0,TESS
214660504,0,TESS
167719767,0,TESS
139899011,0,TESS
121490917,0,TESS
349766906,0,TESS
219201178,0,TESS
300969617,0,TESS
349480507,0,TESS
309406338,0,TESS
300038902,0,TESS
281581467,0,TESS
139995365,0,TESS
425938487,0,TESS
234348378,0,TESS
370243555,0,TESS
33831424,0,TESS
392012122,0,TESS
394136010,0,TESS
376169591,0,TESS
306471775,0,TESS
267264180,0,TESS
262610859,0,TESS
161262470,0,TESS
201250268,0,TESS
403150111,0,TESS
53782886,0,TESS
300654002,0,TESS
260353841,0,TESS
270582604,0,TESS
306507325,0,TESS
235005703,0,TESS
306773033,0,TESS
149629051,0,TESS
317087106,0,TESS
265613305,0,TESS
300140005,0,TESS
149976187,0,TESS
358501560,0,TESS
177309716,0,TESS
139066088,0,TESS
309253911,0,TESS
364398062,0,TESS
425935689,0,TESS
391746115,0,TESS
238185181,0,TESS
410154584,0,TESS
266540667,0,TESS
141411137,0,TESS
92498008,0,TESS
139720025,0,TESS
38825979,0,TESS
394005458,0,TESS
177021252,0,TESS
177239194,0,TESS
20897611,0,TESS
234346469,0,TESS
261265720,0,TESS
272129585,0,TESS
70796745,0,TESS
101948569,0,TESS
111750317,0,TESS
117549305,0,TESS
120460055,0,TESS
120489786,0,TESS
120563787,0,TESS
12975229,0,TESS
12999193,0,TESS
13137970,0,TESS
137767069,0,TESS
139362270,0,TESS
155967389,0,TESS
155986102,0,TESS
155990990,0,TESS
155991347,0,TESS
156000816,0,TESS
156088809,0,TESS
175476629,0,TESS
179986621,0,TESS
180723728,0,TESS
180871989,0,TESS
180999533,0,TESS
183374173,0,TESS
183675833,0,TESS
199731190,0,TESS
199736419,0,TESS
204313688,0,TESS
204317626,0,TESS
204321969,0,TESS
204390137,0,TESS
206355322,0,TESS
224287841,0,TESS
228570122,0,TESS
251858494,0,TESS
251876591,0,TESS
262548697,0,TESS
270622458,0,TESS
289579814,0,TESS
316937197,0,TESS
321977379,0,TESS
326550721,0,TESS
327939273,0,TESS
327953711,0,TESS
328011021,0,TESS
369602226,0,TESS
382425800,0,TESS
382452807,0,TESS
389753172,0,TESS
401867742,0,TESS
402112785,0,TESS
41861845,0,TESS
47355882,0,TESS
49687454,0,TESS
5634728,0,TESS
66398756,0,TESS
66413755,0,TESS
66471792,0,TESS
69817937,0,TESS
69856049,0,TESS
69890475,0,TESS
70797590,0,TESS
7151972,0,TESS
77020410,0,TESS
80419060,0,TESS
80419518,0,TESS
8962306,0,TESS
9097063,0,TESS
92131306,0,TESS
129765506,0,TESS
100100829,0,TESS
115380327,0,TESS
120897067,0,TESS
120898301,0,TESS
136845755,0,TESS
136865721,0,TESS
139526205,0,TESS
140460704,0,TESS
142162390,0,TESS
158621903,0,TESS
158636520,0,TESS
164773046,0,TESS
180871891,0,TESS
183588924,0,TESS
197809342,0,TESS
198074271,0,TESS
201919014,0,TESS
207144888,0,TESS
219219970,0,TESS
219242026,0,TESS
220391014,0,TESS
220391015,0,TESS
220515893,0,TESS
220568834,0,TESS
229102943,0,TESS
229116804,0,TESS
229137647,0,TESS
231007768,0,TESS
231060823,0,TESS
231066559,0,TESS
231274310,0,TESS
231281715,0,TESS
237917796,0,TESS
237936226,0,TESS
24885221,0,TESS
248984125,0,TESS
259392065,0,TESS
259473154,0,TESS
259473159,0,TESS
259574357,0,TESS
259595529,0,TESS
266722458,0,TESS
266736725,0,TESS
268529945,0,TESS
273824708,0,TESS
279638473,0,TESS
280803912,0,TESS
299135662,0,TESS
31636375,0,TESS
31636376,0,TESS
321053291,0,TESS
32268779,0,TESS
32268780,0,TESS
354672203,0,TESS
38459182,0,TESS
38515435,0,TESS
38632678,0,TESS
40042603,0,TESS
401838759,0,TESS
409890886,0,TESS
415972745,0,TESS
42072044,0,TESS
42073032,0,TESS
439499616,0,TESS
439500072,0,TESS
62424079,0,TESS
67567173,0,TESS
67650112,0,TESS
72747407,0,TESS
72764605,0,TESS
75377445,0,TESS
100097716,0,TESS
100097717,0,TESS
111289851,0,TESS
111289852,0,TESS
158622129,0,TESS
165165569,0,TESS
166743736,0,TESS
207240349,0,TESS
219235985,0,TESS
219238723,0,TESS
231291828,0,TESS
257723440,0,TESS
268752502,0,TESS
279740439,0,TESS
306337761,0,TESS
32396749,0,TESS
372818426,0,TESS
38515440,0,TESS
401872245,0,TESS
439467565,0,TESS
63920489,0,TESS
278683844,1,TESS
207081058,1,TESS
29831208,1,TESS
235037761,1,TESS
219338557,1,TESS
277683130,1,TESS
425934411,1,TESS
270341214,1,TESS
51912829,0,TESS
76989773,1,TESS
260304296,1,TESS
234519192,1,TESS
355509914,1,TESS
300293197,1,TESS
206609630,1,TESS
167415965,1,TESS
369456296,1,TESS
391746578,0,TESS
278661431,1,TESS
263074592,0,TESS
139148528,1,TESS
139198430,1,TESS
139256217,0,TESS
143855290,0,TESS
149102762,0,TESS
38820496,1,TESS
52195943,1,TESS
92352621,1,TESS
197760286,1,TESS
211376134,1,TESS
211380233,0,TESS
235037759,0,TESS
260304277,0,TESS
214517366,1,TESS
234520293,0,TESS
260756218,1,TESS
260820871,0,TESS
300013489,0,TESS
280793949,0,TESS
350431335,0,TESS
287328866,1,TESS
300560295,0,TESS
300579472,1,TESS
309791156,1,TESS
319289826,0,TESS
349518800,1,TESS
369966331,1,TESS
373844472,1,TESS
381855507,1,TESS
382577618,0,TESS
421951960,1,TESS
439366537,1,TESS
444151146,1,TESS
278706358,0,TESS
179305059,0,TESS
139825840,0,TESS
301980639,1,TESS
253928535,0,TESS
220497212,0,TESS
181233908,0,TESS
201256771,0,TESS
265613590,0,TESS
394585218,0,TESS
55497281,0,TESS
260657291,0,TESS
309658221,0,TESS
160036449,0,TESS
149473467,0,TESS
201234926,0,TESS
350479101,0,TESS
50380257,0,TESS
220388567,0,TESS
231714759,0,TESS
219328784,0,TESS
276935987,0,TESS
389079188,0,TESS
261335113,0,TESS
358457398,0,TESS
349642881,0,TESS
142148228,0,TESS
404927661,0,TESS
279314488,0,TESS
214299966,0,TESS
62762261,0,TESS
277649549,0,TESS
97402522,0,TESS
231840927,0,TESS
355601117,0,TESS
278683641,0,TESS
126700850,0,TESS
394006752,0,TESS
308451526,0,TESS
272357134,0,TESS
419744996,0,TESS
29478974,0,TESS
201293780,0,TESS
389669796,0,TESS
280052690,0,TESS
55524055,0,TESS
139188326,0,TESS
325469795,0,TESS
219308281,0,TESS
141268467,0,TESS
260502102,0,TESS
141809359,0,TESS
311925584,0,TESS
219338901,0,TESS
235009317,0,TESS
469979014,0,TESS
407584737,0,TESS
394230860,0,TESS
325205605,0,TESS
404804908,0,TESS
382069441,0,TESS
349310205,0,TESS
278988794,0,TESS
403153647,0,TESS
350622185,0,TESS
91369561,0,TESS
89018905,0,TESS
115115136,0,TESS
39018208,0,TESS
382517745,0,TESS
139699256,0,TESS
126602778,0,TESS
306580215,0,TESS
219338651,0,TESS
179304342,0,TESS
231860752,0,TESS
25078924,0,TESS
70442570,0,TESS
303909865,0,TESS
234494090,0,TESS
262958558,0,TESS
381857817,0,TESS
31796120,0,TESS
212344482,0,TESS
167123437,0,TESS
270341486,0,TESS
260161144,0,TESS
140659980,0,TESS
147201138,0,TESS
290049697,0,TESS
126944775,0,TESS
234288940,0,TESS
144000467,0,TESS
92628706,0,TESS
270166263,0,TESS
266996791,0,TESS
206462116,0,TESS
229057817,0,TESS
143924219,0,TESS
139841210,0,TESS
326356701,0,TESS
197570458,0,TESS
350443417,0,TESS
141708335,0,TESS
54001270,0,TESS
349832824,0,TESS
220521199,0,TESS
29986808,0,TESS
33862174,0,TESS
308851582,0,TESS
231712886,0,TESS
44623916,0,TESS
260504147,0,TESS
121420805,0,TESS
150101472,0,TESS
253922296,0,TESS
181043970,0,TESS
139128537,0,TESS
79225651,0,TESS
152223725,0,TESS
358111274,0,TESS
220567625,0,TESS
55652785,0,TESS
141622065,0,TESS
389476160,0,TESS
99465976,0,TESS
219322317,0,TESS
79403459,0,TESS
370324073,0,TESS
207080350,0,TESS
290547036,0,TESS
220474209,0,TESS
265591866,0,TESS
237332597,0,TESS
197766143,0,TESS
139721086,0,TESS
55659311,0,TESS
269829384,0,TESS
32000625,0,TESS
293480903,0,TESS
349156098,0,TESS
152825521,0,TESS
260352096,0,TESS
270204401,0,TESS
265469420,0,TESS
300903537,0,TESS
126763885,0,TESS
167692429,0,TESS
231833061,0,TESS
92349924,0,TESS
349154435,0,TESS
52079677,0,TESS
180412528,0,TESS
381854774,0,TESS
92594505,0,TESS
278784173,0,TESS
117544915,0,TESS
261656371,0,TESS
389726435,0,TESS
350190639,0,TESS
276935996,0,TESS
220523550,0,TESS
308991822,0,TESS
271596290,0,TESS
234491752,0,TESS
126945917,0,TESS
441422220,0,TESS
33715938,0,TESS
31653503,0,TESS
364302118,0,TESS
204497617,0,TESS
201176965,0,TESS
206556127,0,TESS
30313682,0,TESS
309146836,0,TESS
410354930,0,TESS
261746657,0,TESS
278956474,0,TESS
279254042,0,TESS
389527914,0,TESS
302298728,0,TESS
229808144,0,TESS
278863150,0,TESS
38937499,0,TESS
32150630,0,TESS
406276109,0,TESS
441406061,0,TESS
349518145,0,TESS
139148071,0,TESS
234518605,0,TESS
25226885,0,TESS
231629787,0,TESS
279615956,0,TESS
309299238,0,TESS
471013508,0,TESS
31850842,0,TESS
273792220,0,TESS
91448148,0,TESS
147131974,0,TESS
144462697,0,TESS
55404385,0,TESS
149838872,0,TESS
198077394,1,TESS
10000252982,0,TESS
272236017,1,TESS
10000253097,0,TESS
316976845,0,TESS
10000089885,0,TESS
167304394,0,TESS
50344244,1,TESS
183492680,1,TESS
177160661,0,TESS
10000440866,0,TESS
182730156,0,TESS
150394439,0,TESS
182910091,0,TESS
373847529,0,TESS
237979468,1,TESS
149448085,1,TESS
271891552,1,TESS
183495141,0,TESS
47425697,1,TESS
234501416,0,TESS
141181957,0,TESS
10000090081,0,TESS
231839085,1,TESS
219983007,0,TESS
179213790,0,TESS
237926199,0,TESS
141866704,0,TESS
51939561,0,TESS
206590515,0,TESS
183799875,0,TESS
25063383,0,TESS
10001125074,0,TESS
50346962,0,TESS
24672429,0,TESS
179583231,0,TESS
207176440,0,TESS
240720805,0,TESS
116417429,0,TESS
20897612,0,TESS
20892672,1,TESS
47316976,1,TESS
9209932,0,TESS
10000320636,1,TESS
120490566,1,TESS
280097543,1,TESS
201924791,0,TESS
233964642,1,TESS
52204842,1,TESS
237932099,0,TESS
166697854,1,TESS
175482273,1,TESS
270480629,1,TESS
201334717,1,TESS
251858265,0,TESS
281599144,0,TESS
70796746,0,TESS
31998499,0,TESS
182735499,0,TESS
201753299,0,TESS
231007767,0,TESS
281815395,0,TESS
166678088,0,TESS
231275247,0,TESS
273854939,0,TESS
200789127,0,TESS
232067318,0,TESS
207140340,1,TESS
50380253,0,TESS
38823436,1,TESS
141334793,0,TESS
238059180,1,TESS
279056879,0,TESS
255567460,1,TESS
167554898,1,TESS
55746262,0,TESS
141770592,0,TESS
374908020,1,TESS
261136000,0,TESS
260352038,0,TESS
260132327,0,TESS
141281260,0,TESS
272289442,0,TESS
31409361,0,TESS
260131665,0,TESS
279569718,0,TESS
278990002,0,TESS
271903247,0,TESS
294982222,0,TESS
349371595,0,TESS
207085564,0,TESS
293165927,0,TESS
150442264,0,TESS
12723924,0,TESS
332488398,0,TESS
62379278,0,TESS
207200489,0,TESS
114859570,0,TESS
166760533,0,TESS
270622440,0,TESS
183596237,0,TESS
39046291,0,TESS
31634175,0,TESS
380436899,0,TESS
270652726,0,TESS
182730214,0,TESS
425086088,0,TESS
183373409,0,TESS
183537458,0,TESS
167656210,0,TESS
201251813,0,TESS
279741377,0,TESS
279648140,0,TESS
270421262,0,TESS
12510956,0,TESS
444165246,0,TESS
180724508,0,TESS
67567421,0,TESS
33912852,0,TESS
2733439,0,TESS
149180585,0,TESS
316769815,0,TESS
358232450,0,TESS
232065886,0,TESS
188598128,0,TESS
182735267,0,TESS
141866694,0,TESS
141272720,0,TESS
237938005,0,TESS
231279823,0,TESS
28051929,0,TESS
67559369,0,TESS
150320620,0,TESS
207109417,0,TESS
219253008,1,TESS
259511357,1,TESS
333604051,0,TESS
439456712,1,TESS
122613513,1,TESS
42054565,1,TESS
401872377,0,TESS
396720998,1,TESS
313937090,0,TESS
268529943,1,TESS
231286960,0,TESS
178171080,0,TESS
159984211,0,TESS
111267340,0,TESS
219406747,0,TESS
115275539,0,TESS
164776459,0,TESS
299199358,0,TESS
3921749,0,TESS
300997615,0,TESS
408068720,0,TESS
100918213,0,TESS
63818344,0,TESS
401889117,0,TESS
401869914,0,TESS
382323697,0,TESS
350954272,0,TESS
350480660,0,TESS
308225941,0,TESS
301022235,0,TESS
299135660,0,TESS
287326187,0,TESS
268587594,0,TESS
266735682,0,TESS
259675295,0,TESS
259589049,0,TESS
259543079,0,TESS
259373684,0,TESS
244163413,0,TESS
237342298,0,TESS
220397947,0,TESS
219373406,0,TESS
219238496,0,TESS
219222201,0,TESS
215403644,0,TESS
215336287,0,TESS
215258019,0,TESS
206468815,0,TESS
198051336,0,TESS
198011271,0,TESS
197931263,0,TESS
164775666,0,TESS
164752991,0,TESS
164681172,0,TESS
159897979,0,TESS
146761368,0,TESS
146712645,0,TESS
146688260,0,TESS
142177867,0,TESS
129764561,0,TESS
123405765,0,TESS
114471605,0,TESS
100917608,0,TESS
98658304,0,TESS
97467902,0,TESS
91638523,0,TESS
91636891,0,TESS
91542943,0,TESS
79565128,0,TESS
79548760,0,TESS
70555928,0,TESS
63941711,0,TESS
63785934,0,TESS
55369219,0,TESS
54018297,0,TESS
49558810,0,TESS
33665328,0,TESS
32268776,0,TESS
29847695,0,TESS
10838695,0,TESS
10756751,0,TESS
3816260,0,TESS
101015113,0,TESS
101015972,0,TESS
101100343,0,TESS
101103807,0,TESS
101124725,0,TESS
1028559,0,TESS
1045298,0,TESS
120895347,0,TESS
121048789,0,TESS
121078334,0,TESS
121092386,0,TESS
121156576,0,TESS
122543151,0,TESS
122557124,0,TESS
12631605,0,TESS
129888462,0,TESS
139369035,0,TESS
139471357,0,TESS
140140034,0,TESS
140760434,0,TESS
140892243,0,TESS
140938580,0,TESS
140967506,0,TESS
141088762,0,TESS
141091430,0,TESS
141096229,0,TESS
141122196,0,TESS
141333573,0,TESS
141412831,0,TESS
141413754,0,TESS
141427794,0,TESS
141428309,0,TESS
141436324,0,TESS
141472340,0,TESS
141472521,0,TESS
141479140,0,TESS
141527811,0,TESS
141527815,0,TESS
141541744,0,TESS
141709126,0,TESS
141709144,0,TESS
141712167,0,TESS
141809360,0,TESS
141871740,0,TESS
141975210,0,TESS
141978095,0,TESS
142105308,0,TESS
142852841,0,TESS
142929481,0,TESS
143022688,0,TESS
144102918,0,TESS
144539611,0,TESS
146652798,0,TESS
146652799,0,TESS
146687815,0,TESS
146689695,0,TESS
146708570,0,TESS
146728187,0,TESS
147471147,0,TESS
149102602,0,TESS
149103048,0,TESS
149160356,0,TESS
149160359,0,TESS
149176080,0,TESS
149251535,0,TESS
149251720,0,TESS
149251723,0,TESS
149305526,0,TESS
149305543,0,TESS
149351413,0,TESS
149351428,0,TESS
149498429,0,TESS
149572408,0,TESS
149934680,0,TESS
149971575,0,TESS
149990401,0,TESS
149992242,0,TESS
150067837,0,TESS
150273402,0,TESS
150322574,0,TESS
150357063,0,TESS
150357064,0,TESS
150358433,0,TESS
150390189,0,TESS
150430842,0,TESS
150437909,0,TESS
152538439,0,TESS
152560220,0,TESS
152972206,0,TESS
153077430,0,TESS
153709888,0,TESS
153713269,0,TESS
153742549,0,TESS
153836084,0,TESS
156215585,0,TESS
160003961,0,TESS
160004820,0,TESS
161638713,0,TESS
165124220,0,TESS
165184228,0,TESS
166874908,0,TESS
167208380,0,TESS
167250507,0,TESS
167304040,0,TESS
167338629,0,TESS
167419092,0,TESS
167452509,0,TESS
167526639,0,TESS
167651110,0,TESS
167697604,0,TESS
167719951,0,TESS
167750686,0,TESS
167889644,0,TESS
167891564,0,TESS
168674931,0,TESS
168851294,0,TESS
175533160,0,TESS
175533162,0,TESS
176778312,0,TESS
176780116,0,TESS
176796994,0,TESS
176799244,0,TESS
176799249,0,TESS
176831589,0,TESS
176874062,0,TESS
176933601,0,TESS
176933956,0,TESS
176935253,0,TESS
177038620,0,TESS
177239203,0,TESS
177241205,0,TESS
177257923,0,TESS
177308816,0,TESS
177308817,0,TESS
178153666,0,TESS
178284729,0,TESS
179040880,0,TESS
179123528,0,TESS
179123531,0,TESS
179234767,0,TESS
197787090,0,TESS
197788791,0,TESS
197791204,0,TESS
197806218,0,TESS
197809339,0,TESS
197882909,0,TESS
197886566,0,TESS
197908268,0,TESS
198037920,0,TESS
198051353,0,TESS
198076322,0,TESS
198076334,0,TESS
198078326,0,TESS
198080701,0,TESS
200279207,0,TESS
200363295,0,TESS
200440175,0,TESS
200440270,0,TESS
200723897,0,TESS
200728570,0,TESS
200745563,0,TESS
200790438,0,TESS
200801509,0,TESS
200850660,0,TESS
200850661,0,TESS
207200487,0,TESS
207201471,0,TESS
209406444,0,TESS
209450205,0,TESS
215256999,0,TESS
215257538,0,TESS
215258018,0,TESS
215336337,0,TESS
215336454,0,TESS
219177716,0,TESS
219194452,0,TESS
219194724,0,TESS
219212532,0,TESS
219252249,0,TESS
219256388,0,TESS
219346936,0,TESS
219346938,0,TESS
219347421,0,TESS
219362976,0,TESS
219397168,0,TESS
219407986,0,TESS
219407992,0,TESS
219421171,0,TESS
219421178,0,TESS
220042007,0,TESS
220399390,0,TESS
220402290,0,TESS
220402294,0,TESS
220404900,0,TESS
220409630,0,TESS
220410034,0,TESS
220410224,0,TESS
220420532,0,TESS
220420534,0,TESS
220425369,0,TESS
220430912,0,TESS
220437557,0,TESS
220459463,0,TESS
220477472,0,TESS
220597483,0,TESS
231077461,0,TESS
231286114,0,TESS
231293138,0,TESS
231293332,0,TESS
231296904,0,TESS
231717325,0,TESS
231717326,0,TESS
231721516,0,TESS
231809798,0,TESS
231824094,0,TESS
235048108,0,TESS
235051152,0,TESS
235058826,0,TESS
237354844,0,TESS
237356428,0,TESS
237356429,0,TESS
237937427,0,TESS
250387838,0,TESS
25081478,0,TESS
25119114,0,TESS
256775514,0,TESS
257395987,0,TESS
257605453,0,TESS
259318982,0,TESS
259318984,0,TESS
259392060,0,TESS
259393547,0,TESS
259393694,0,TESS
259470701,0,TESS
259514986,0,TESS
259514987,0,TESS
259542796,0,TESS
259574789,0,TESS
259699534,0,TESS
259701720,0,TESS
260041578,0,TESS
260127869,0,TESS
260131643,0,TESS
260131644,0,TESS
260132330,0,TESS
260160482,0,TESS
260161874,0,TESS
260190547,0,TESS
260240487,0,TESS
260265941,0,TESS
260269452,0,TESS
260297394,0,TESS
260352037,0,TESS
260414617,0,TESS
260417001,0,TESS
260475031,0,TESS
260504347,0,TESS
260536927,0,TESS
260538147,0,TESS
260639095,0,TESS
260639999,0,TESS
260654316,0,TESS
260659104,0,TESS
260659983,0,TESS
260710460,0,TESS
260994111,0,TESS
261105031,0,TESS
261105586,0,TESS
261328916,0,TESS
261332760,0,TESS
262609660,0,TESS
262610871,0,TESS
264871406,0,TESS
270371961,0,TESS
270626436,0,TESS
271795080,0,TESS
271795511,0,TESS
271892405,0,TESS
271905978,0,TESS
271975434,0,TESS
271975437,0,TESS
272285432,0,TESS
272356004,0,TESS
272356528,0,TESS
272357503,0,TESS
274039311,0,TESS
276863855,0,TESS
276863889,0,TESS
276942973,0,TESS
277022683,0,TESS
277104384,0,TESS
277314291,0,TESS
277316675,0,TESS
278139502,0,TESS
278196535,0,TESS
278198990,0,TESS
278683875,0,TESS
278683879,0,TESS
278730951,0,TESS
278730956,0,TESS
278861763,0,TESS
278990501,0,TESS
279054227,0,TESS
279054230,0,TESS
279097963,0,TESS
279181220,0,TESS
279217728,0,TESS
279322913,0,TESS
279322995,0,TESS
279323519,0,TESS
279323531,0,TESS
279328387,0,TESS
279454212,0,TESS
279510159,0,TESS
279569707,0,TESS
279569709,0,TESS
279638469,0,TESS
279741942,0,TESS
279958091,0,TESS
280867169,0,TESS
280909668,0,TESS
280909671,0,TESS
281576274,0,TESS
281581506,0,TESS
281636082,0,TESS
281636697,0,TESS
281636721,0,TESS
284196025,0,TESS
287223398,0,TESS
287299171,0,TESS
290657824,0,TESS
290714960,0,TESS
290779085,0,TESS
293220870,0,TESS
293620358,0,TESS
293620362,0,TESS
293620376,0,TESS
294206429,0,TESS
294206449,0,TESS
294327300,0,TESS
294327312,0,TESS
294327923,0,TESS
294328121,0,TESS
294666943,0,TESS
294922741,0,TESS
294978051,0,TESS
294982289,0,TESS
295070563,0,TESS
295071643,0,TESS
299898948,0,TESS
300085072,0,TESS
300089525,0,TESS
300141219,0,TESS
300158389,0,TESS
300244049,0,TESS
300324610,0,TESS
300326174,0,TESS
300330281,0,TESS
300446210,0,TESS
300604872,0,TESS
300657251,0,TESS
300740043,0,TESS
300870464,0,TESS
301022289,0,TESS
301022292,0,TESS
301058366,0,TESS
301058367,0,TESS
301405723,0,TESS
301407485,0,TESS
302457456,0,TESS
306578029,0,TESS
306772964,0,TESS
306774897,0,TESS
306823692,0,TESS
306823698,0,TESS
306829644,0,TESS
306900730,0,TESS
306900946,0,TESS
306928528,0,TESS
307024753,0,TESS
308225937,0,TESS
308244486,0,TESS
308448331,0,TESS
308536992,0,TESS
308599842,0,TESS
308666886,0,TESS
308668823,0,TESS
308749261,0,TESS
308749755,0,TESS
308922479,0,TESS
308992644,0,TESS
308994247,0,TESS
309061659,0,TESS
309064945,0,TESS
309064954,0,TESS
309291896,0,TESS
309293785,0,TESS
31269845,0,TESS
31273263,0,TESS
31413207,0,TESS
31415158,0,TESS
31529035,0,TESS
318868368,0,TESS
318887874,0,TESS
321043595,0,TESS
321044007,0,TESS
321067383,0,TESS
322512196,0,TESS
332910947,0,TESS
339607421,0,TESS
339862911,0,TESS
340006617,0,TESS
340006849,0,TESS
347545020,0,TESS
347545091,0,TESS
348842168,0,TESS
348843066,0,TESS
348898928,0,TESS
348961328,0,TESS
348995211,0,TESS
348995212,0,TESS
349156417,0,TESS
349190606,0,TESS
349195228,0,TESS
349268482,0,TESS
349268673,0,TESS
349271454,0,TESS
349273287,0,TESS
349308842,0,TESS
349409456,0,TESS
349483495,0,TESS
349485050,0,TESS
349485058,0,TESS
349520233,0,TESS
349521875,0,TESS
349576483,0,TESS
349643889,0,TESS
349647488,0,TESS
349676749,0,TESS
349763482,0,TESS
349769385,0,TESS
349907707,0,TESS
349911034,0,TESS
350025488,0,TESS
350025490,0,TESS
350297039,0,TESS
350297040,0,TESS
350298314,0,TESS
350332996,0,TESS
350333749,0,TESS
350480038,0,TESS
350559951,0,TESS
350561484,0,TESS
350656125,0,TESS
350656136,0,TESS
350933606,0,TESS
35101462,0,TESS
35743561,0,TESS
35744583,0,TESS
358251697,0,TESS
358290150,0,TESS
358335586,0,TESS
358578812,0,TESS
361993750,0,TESS
364264608,0,TESS
364398428,0,TESS
364538560,0,TESS
364540546,0,TESS
369362169,0,TESS
369362170,0,TESS
369362290,0,TESS
369370898,0,TESS
370227480,0,TESS
372851967,0,TESS
372852423,0,TESS
372911002,0,TESS
372911013,0,TESS
372913337,0,TESS
372913375,0,TESS
373986372,0,TESS
374910289,0,TESS
374911897,0,TESS
382042754,0,TESS
382069435,0,TESS
382187251,0,TESS
382199774,0,TESS
382200586,0,TESS
382437417,0,TESS
382514133,0,TESS
382529132,0,TESS
382576713,0,TESS
382626168,0,TESS
382630831,0,TESS
38588414,0,TESS
387544749,0,TESS
388180430,0,TESS
388181335,0,TESS
388203226,0,TESS
389363695,0,TESS
389436532,0,TESS
389572057,0,TESS
389621105,0,TESS
391478014,0,TESS
391894716,0,TESS
391895242,0,TESS
391902982,0,TESS
391904333,0,TESS
391923287,0,TESS
391925531,0,TESS
392024925,0,TESS
398736713,0,TESS
404477044,0,TESS
404933895,0,TESS
404933918,0,TESS
404965811,0,TESS
404966425,0,TESS
406478187,0,TESS
40670126,0,TESS
407621964,0,TESS
407661994,0,TESS
41172665,0,TESS
41172669,0,TESS
41173678,0,TESS
41534180,0,TESS
423389538,0,TESS
423397033,0,TESS
423439153,0,TESS
423439467,0,TESS
425077106,0,TESS
453828066,0,TESS
4629065,0,TESS
4742129,0,TESS
64032322,0,TESS
65289594,0,TESS
65323122,0,TESS
65346146,0,TESS
65347232,0,TESS
65397915,0,TESS
65448527,0,TESS
65449230,0,TESS
65450588,0,TESS
66572840,0,TESS
70556225,0,TESS
70558010,0,TESS
7418947,0,TESS
7598123,0,TESS
7598130,0,TESS
7652393,0,TESS
7695666,0,TESS
77158150,0,TESS
77209028,0,TESS
79549086,0,TESS
79566121,0,TESS
88380001,0,TESS
88479623,0,TESS
88524564,0,TESS
88571421,0,TESS
89045042,0,TESS
92234970,0,TESS
98853987,0,TESS
98853990,0,TESS
9945183,0,TESS
10001673159,0,TESS
100921768,1,TESS
100990735,1,TESS
100993793,0,TESS
101103042,0,TESS
122614346,0,TESS
12529950,0,TESS
129863436,0,TESS
140528254,0,TESS
140997881,0,TESS
141096071,0,TESS
141153349,0,TESS
141413809,0,TESS
141608198,1,TESS
141625773,0,TESS
141627126,0,TESS
141709134,0,TESS
141806292,0,TESS
142016420,1,TESS
142016953,0,TESS
142018015,0,TESS
142148431,0,TESS
144598282,0,TESS
146708322,0,TESS
146708900,0,TESS
146712221,0,TESS
149913647,0,TESS
149990841,1,TESS
150031040,0,TESS
150167657,0,TESS
150189651,0,TESS
150390490,0,TESS
150430484,1,TESS
150437346,0,TESS
152476664,0,TESS
152969049,1,TESS
153077621,1,TESS
153713262,0,TESS
160003469,0,TESS
161577376,0,TESS
165200882,0,TESS
165200891,0,TESS
167164631,1,TESS
167201539,0,TESS
167309174,0,TESS
167364796,0,TESS
167365279,0,TESS
167418903,1,TESS
167526485,0,TESS
167722708,0,TESS
167724589,0,TESS
167792080,0,TESS
167812449,0,TESS
167813863,0,TESS
168657537,0,TESS
170749770,0,TESS
175532955,1,TESS
176796997,1,TESS
176797815,0,TESS
176871438,0,TESS
176871981,1,TESS
176874060,0,TESS
176874136,0,TESS
176874141,0,TESS
176959439,0,TESS
177076042,0,TESS
177118177,0,TESS
177175199,0,TESS
177350401,1,TESS
177351328,0,TESS
178242590,0,TESS
178286168,0,TESS
178352046,0,TESS
179123560,0,TESS
179437400,1,TESS
179441492,0,TESS
179444468,0,TESS
197867011,0,TESS
197887879,1,TESS
198008002,1,TESS
200368010,0,TESS
200433437,0,TESS
200433448,0,TESS
206384288,0,TESS
206404910,0,TESS
206404911,0,TESS
206404916,0,TESS
206405628,0,TESS
206460108,0,TESS
206474443,1,TESS
207237016,1,TESS
209462063,0,TESS
219242446,0,TESS
219244444,0,TESS
219244541,1,TESS
219345200,1,TESS
219397174,0,TESS
220391496,0,TESS
220391499,0,TESS
220397831,0,TESS
220398450,0,TESS
220400941,0,TESS
220400942,0,TESS
220401237,0,TESS
231081369,1,TESS
231093382,0,TESS
231717329,0,TESS
231721162,0,TESS
231824105,0,TESS
235055769,0,TESS
237936217,0,TESS
251087387,0,TESS
25154831,0,TESS
257555883,0,TESS
259391480,0,TESS
259443880,0,TESS
259470708,0,TESS
259588913,0,TESS
259701232,1,TESS
260130483,1,TESS
260417932,1,TESS
260503870,0,TESS
260507093,0,TESS
261261490,1,TESS
261401023,0,TESS
262610854,0,TESS
270505372,1,TESS
270507297,0,TESS
270507305,0,TESS
271890281,1,TESS
271893376,1,TESS
272087329,0,TESS
272357477,0,TESS
272357486,0,TESS
276793626,1,TESS
277104761,0,TESS
278199150,1,TESS
278775625,1,TESS
278990489,0,TESS
279322914,1,TESS
279342276,0,TESS
279360615,0,TESS
279361391,0,TESS
279425357,1,TESS
279569704,0,TESS
279569731,0,TESS
279571968,0,TESS
287273269,0,TESS
287298219,1,TESS
287329263,1,TESS
287400578,0,TESS
287402009,0,TESS
293273032,0,TESS
293619907,0,TESS
294327926,0,TESS
299944354,0,TESS
300034496,0,TESS
300140870,0,TESS
300443565,0,TESS
300448520,0,TESS
300868398,1,TESS
300938845,0,TESS
300939492,0,TESS
301083038,0,TESS
306576958,0,TESS
306580216,0,TESS
306635088,0,TESS
306828113,0,TESS
308243378,0,TESS
308307808,0,TESS
308448327,0,TESS
308448503,0,TESS
308451529,0,TESS
308452910,0,TESS
308608509,0,TESS
308664750,1,TESS
308668616,0,TESS
308927056,0,TESS
321011127,1,TESS
321044210,1,TESS
328350926,1,TESS
340006839,0,TESS
340136333,1,TESS
340137125,0,TESS
348839628,1,TESS
349061113,0,TESS
349156096,0,TESS
349311172,0,TESS
349311188,0,TESS
349373212,0,TESS
349523983,0,TESS
349575563,0,TESS
349576089,1,TESS
349641829,0,TESS
349642962,1,TESS
349765571,1,TESS
349765573,1,TESS
350030939,0,TESS
350094361,0,TESS
350098175,0,TESS
350274840,0,TESS
350295906,0,TESS
350445762,0,TESS
358176329,0,TESS
358248442,1,TESS
358463513,1,TESS
369362529,0,TESS
372909372,1,TESS
372909935,1,TESS
372910836,0,TESS
372913344,1,TESS
374860586,0,TESS
375057622,0,TESS
375144153,1,TESS
381979901,0,TESS
382068562,1,TESS
382069160,0,TESS
382200986,1,TESS
382260153,0,TESS
382260163,0,TESS
382435735,1,TESS
382437243,0,TESS
382629173,1,TESS
38447880,1,TESS
38541473,1,TESS
388202793,0,TESS
389327886,0,TESS
391892370,0,TESS
391900348,1,TESS
401913375,0,TESS
404842331,0,TESS
404972821,0,TESS
410448693,0,TESS
410450507,1,TESS
410451090,0,TESS
422844353,0,TESS
44743595,0,TESS
453097786,1,TESS
453100658,1,TESS
64070344,1,TESS
64071271,1,TESS
64108432,1,TESS
65360389,0,TESS
65414914,0,TESS
88363004,0,TESS
9858404,1,TESS
98796342,1,TESS
43648757,0,TESS
59091000,0,TESS
117979455,1,TESS
30312800,1,TESS
189013224,1,TESS
70914192,1,TESS
117979850,1,TESS
259592689,1,TESS
32559260,0,TESS
44647437,1,TESS
220429097,0,TESS
24400247,0,TESS
399664959,1,TESS
468880077,1,TESS
453831755,0,TESS
14091704,1,TESS
167125688,0,TESS
167671107,0,TESS
399729481,0,TESS
362043085,0,TESS
38603673,1,TESS
14091633,1,TESS
432610098,1,TESS
77951245,1,TESS
238195769,1,TESS
262401354,0,TESS
459955218,0,TESS
713184,1,TESS
67772767,1,TESS
70888445,0,TESS
262398589,0,TESS
37777274,1,TESS
425163745,1,TESS
398905933,0,TESS
249070710,0,TESS
24529630,0,TESS
121647285,1,TESS
408137826,1,TESS
38129218,1,TESS
13021747,0,TESS
449100479,0,TESS
43486078,0,TESS
139705061,0,TESS
21725655,1,TESS
21725658,1,TESS
311240545,1,TESS
262330063,1,TESS
231948825,0,TESS
303597715,0,TESS
78074030,0,TESS
192849063,1,TESS
24662618,1,TESS
117644481,0,TESS
248434289,0,TESS
303759558,0,TESS
319312479,1,TESS
436703266,0,TESS
30927889,0,TESS
146436037,0,TESS
169305455,0,TESS
423785115,1,TESS
71133316,1,TESS
55999026,0,TESS
219421728,1,TESS
146817492,0,TESS
245793796,0,TESS
436675164,0,TESS
13093071,1,TESS
373316272,0,TESS
92870343,0,TESS
140283219,0,TESS
31476193,0,TESS
456893506,0,TESS
270711572,0,TESS
399870363,1,TESS
24529650,0,TESS
13346068,0,TESS
188969204,0,TESS
238930658,1,TESS
31054498,1,TESS
303759555,0,TESS
244279719,0,TESS
332558077,0,TESS
255564013,0,TESS
262330726,0,TESS
293769896,0,TESS
456893511,0,TESS
37778965,0,TESS
34085383,1,TESS
432694895,0,TESS
100757807,1,TESS
92880568,1,TESS
373261952,0,TESS
316876426,0,TESS
244245477,0,TESS
399868192,1,TESS
188969194,0,TESS
152476663,0,TESS
178199444,1,TESS
121638182,1,TESS
436652523,1,TESS
373420203,0,TESS
464830297,1,TESS
7446062,0,TESS
146438872,1,TESS
167673770,0,TESS
67747088,1,TESS
398843049,0,TESS
245947692,0,TESS
415477456,0,TESS
1220649,1,TESS
21618487,0,TESS
231930852,0,TESS
249035839,0,TESS
455032165,0,TESS
710357,0,TESS
293477614,0,TESS
60878208,0,TESS
4113648,1,TESS
231304974,1,TESS
70962458,0,TESS
24520420,1,TESS
220617848,1,TESS
449050249,0,TESS
24520424,1,TESS
399619678,0,TESS
158107774,0,TESS
146434840,1,TESS
435929231,1,TESS
213047283,0,TESS
250161963,1,TESS
24703051,0,TESS
420979742,0,TESS
71133318,1,TESS
55442102,1,TESS
219151731,1,TESS
369376388,1,TESS
435910168,0,TESS
365465224,1,TESS
464805608,0,TESS
43901659,1,TESS
67747091,1,TESS
248992653,0,TESS
455072368,0,TESS
249022512,1,TESS
740048,0,TESS
24403871,0,TESS
229087760,0,TESS
77670980,0,TESS
283605976,1,TESS
455072369,0,TESS
332660150,1,TESS
152414975,1,TESS
262302365,0,TESS
14089209,0,TESS
146805152,1,TESS
189013113,1,TESS
77720617,0,TESS
78109017,1,TESS
293614890,0,TESS
24434589,0,TESS
77672043,0,TESS
431589019,1,TESS
436637677,1,TESS
14091631,1,TESS
213145114,0,TESS
56099360,1,TESS
146436542,1,TESS
363914762,1,TESS
248434716,1,TESS
21437580,0,TESS
32498861,1,TESS
179033846,1,TESS
169418571,0,TESS
373448979,0,TESS
38090165,1,TESS
435880578,1,TESS
248406359,1,TESS
32641207,1,TESS
373491042,1,TESS
457161439,1,TESS
332699638,0,TESS
393748848,1,TESS
248653487,1,TESS
248434780,1,TESS
235067594,1,TESS
21714301,0,TESS
399754210,0,TESS
453123591,0,TESS
139669367,1,TESS
139669366,1,TESS
146467060,1,TESS
139669363,0,TESS
373381811,0,TESS
100528503,0,TESS
356741542,0,TESS
32606889,0,TESS
146342038,0,TESS
399871011,1,TESS
436644330,1,TESS
7420600,1,TESS
